0,,0089,39,,,,2020-11-28 00:01:10.538393,,2020,11,5,0,1,279.53,93,1800,0.5,0
0,,0089,44,,,,2020-11-28 00:01:10.538833,,2020,11,5,0,1,279.53,93,1800,0.5,0
0,,5501,39,,,,2020-11-28 00:01:10.717776,,2020,11,5,0,1,279.53,93,1800,0.5,0
0,,5501,44,,,,2020-11-28 00:01:10.895410,,2020,11,5,0,1,279.53,93,1800,0.5,0
0,,5502,39,,,,2020-11-28 00:01:11.073464,,2020,11,5,0,1,279.53,93,1800,0.5,0
0,,5502,44,,,,2020-11-28 00:01:11.252051,,2020,11,5,0,1,279.53,93,1800,0.5,0
0,,5503,39,,,,2020-11-28 00:01:11.430966,,2020,11,5,0,1,279.53,93,1800,0.5,0
0,,5503,44,,,,2020-11-28 00:01:11.609396,,2020,11,5,0,1,279.53,93,1800,0.5,0
0,,5504,39,,,,2020-11-28 00:01:11.787725,,2020,11,5,0,1,279.53,93,1800,0.5,0
0,,5504,44,,,,2020-11-28 00:01:11.965889,,2020,11,5,0,1,279.53,93,1800,0.5,0
0,,5281G,39,,,,2020-11-28 00:01:12.146156,,2020,11,5,0,1,279.53,93,1800,0.5,0
0,,5281G,44,,,,2020-11-28 00:01:12.325882,,2020,11,5,0,1,279.53,93,1800,0.5,0
0,,5281G,8,,,,2020-11-28 00:01:12.673844,,2020,11,5,0,1,279.53,93,1800,0.5,0
0,,5507,39,,,,2020-11-28 00:01:12.852862,,2020,11,5,0,1,279.53,93,1800,0.5,0
0,,5507,44,,,,2020-11-28 00:01:13.031010,,2020,11,5,0,1,279.53,93,1800,0.5,0
0,,5508,39,,,,2020-11-28 00:01:13.210071,,2020,11,5,0,1,279.53,93,1800,0.5,0
0,,5508,44,,,,2020-11-28 00:01:13.387985,,2020,11,5,0,1,279.53,93,1800,0.5,0
0,,5509,39,,,,2020-11-28 00:01:13.566797,,2020,11,5,0,1,279.53,93,1800,0.5,0
0,,5510,39,,,,2020-11-28 00:01:13.745023,,2020,11,5,0,1,279.53,93,1800,0.5,0
0,,5512,39,,,,2020-11-28 00:01:16.830183,,2020,11,5,0,1,279.53,93,1800,0.5,0
0,,6474F,39,,,,2020-11-28 00:01:17.009727,,2020,11,5,0,1,279.53,93,1800,0.5,0
0,,5529,39,,,,2020-11-28 00:01:17.194480,,2020,11,5,0,1,279.53,93,1800,0.5,0
0,,5532,39,,,,2020-11-28 00:01:17.372905,,2020,11,5,0,1,279.53,93,1800,0.5,0
0,,5515,39,,,,2020-11-28 00:01:17.551012,,2020,11,5,0,1,279.53,93,1800,0.5,0
0,,5516,39,,,,2020-11-28 00:01:17.729621,,2020,11,5,0,1,279.53,93,1800,0.5,0
0,,5517,39,,,,2020-11-28 00:01:17.908169,,2020,11,5,0,1,279.53,93,1800,0.5,0
0,,5518,39,,,,2020-11-28 00:01:18.086885,,2020,11,5,0,1,279.53,93,1800,0.5,0
0,,5519,39,,,,2020-11-28 00:01:18.266323,,2020,11,5,0,1,279.53,93,1800,0.5,0
0,,0089,39,,,,2020-11-28 00:03:49.643710,,2020,11,5,0,3,279.53,93,1800,0.5,0
0,,0089,44,,,,2020-11-28 00:03:49.644149,,2020,11,5,0,3,279.53,93,1800,0.5,0
0,,5501,39,,,,2020-11-28 00:03:49.823198,,2020,11,5,0,3,279.53,93,1800,0.5,0
0,,5501,44,,,,2020-11-28 00:03:49.823785,,2020,11,5,0,3,279.53,93,1800,0.5,0
0,,5502,39,,,,2020-11-28 00:03:50.002149,,2020,11,5,0,3,279.53,93,1800,0.5,0
0,,5502,44,,,,2020-11-28 00:03:50.002733,,2020,11,5,0,3,279.53,93,1800,0.5,0
0,,5503,39,,,,2020-11-28 00:03:50.181581,,2020,11,5,0,3,279.53,93,1800,0.5,0
0,,5503,44,,,,2020-11-28 00:03:50.182162,,2020,11,5,0,3,279.53,93,1800,0.5,0
0,,5504,39,,,,2020-11-28 00:03:50.360769,,2020,11,5,0,3,279.53,93,1800,0.5,0
0,,5504,44,,,,2020-11-28 00:03:50.539556,,2020,11,5,0,3,279.53,93,1800,0.5,0
0,,5281G,39,,,,2020-11-28 00:03:50.719249,,2020,11,5,0,3,279.53,93,1800,0.5,0
0,,5281G,44,,,,2020-11-28 00:03:50.899278,,2020,11,5,0,3,279.53,93,1800,0.5,0
0,,5281G,8,,,,2020-11-28 00:03:51.248462,,2020,11,5,0,3,279.53,93,1800,0.5,0
0,,5507,39,,,,2020-11-28 00:03:51.427750,,2020,11,5,0,3,279.53,93,1800,0.5,0
0,,5507,44,,,,2020-11-28 00:03:51.606606,,2020,11,5,0,3,279.53,93,1800,0.5,0
0,,5508,39,,,,2020-11-28 00:03:51.785158,,2020,11,5,0,3,279.53,93,1800,0.5,0
0,,5508,44,,,,2020-11-28 00:03:51.964151,,2020,11,5,0,3,279.53,93,1800,0.5,0
0,,5509,39,,,,2020-11-28 00:03:52.142852,,2020,11,5,0,3,279.53,93,1800,0.5,0
0,,5510,39,,,,2020-11-28 00:03:52.322117,,2020,11,5,0,3,279.53,93,1800,0.5,0
0,,5512,39,,,,2020-11-28 00:03:54.324760,,2020,11,5,0,3,279.53,93,1800,0.5,0
0,,6474F,39,,,,2020-11-28 00:03:54.503953,,2020,11,5,0,3,279.53,93,1800,0.5,0
0,,5529,39,,,,2020-11-28 00:03:54.683887,,2020,11,5,0,3,279.53,93,1800,0.5,0
0,,5532,39,,,,2020-11-28 00:03:54.862903,,2020,11,5,0,3,279.53,93,1800,0.5,0
0,,5515,39,,,,2020-11-28 00:03:55.042520,,2020,11,5,0,3,279.53,93,1800,0.5,0
0,,5516,39,,,,2020-11-28 00:03:55.221558,,2020,11,5,0,3,279.53,93,1800,0.5,0
0,,5517,39,,,,2020-11-28 00:03:55.400339,,2020,11,5,0,3,279.53,93,1800,0.5,0
0,,5518,39,,,,2020-11-28 00:03:55.578670,,2020,11,5,0,3,279.53,93,1800,0.5,0
0,,5519,39,,,,2020-11-28 00:03:55.758235,,2020,11,5,0,3,279.53,93,1800,0.5,0
0,,0089,39,,,,2020-11-28 00:06:27.132249,,2020,11,5,0,6,279.53,93,1800,0.5,0
0,,0089,44,,,,2020-11-28 00:06:27.132696,,2020,11,5,0,6,279.53,93,1800,0.5,0
0,,5501,39,,,,2020-11-28 00:06:27.311716,,2020,11,5,0,6,279.53,93,1800,0.5,0
0,,5501,44,,,,2020-11-28 00:06:27.312330,,2020,11,5,0,6,279.53,93,1800,0.5,0
0,,5502,39,,,,2020-11-28 00:06:27.491084,,2020,11,5,0,6,279.53,93,1800,0.5,0
0,,5502,44,,,,2020-11-28 00:06:27.491673,,2020,11,5,0,6,279.53,93,1800,0.5,0
0,,5503,39,,,,2020-11-28 00:06:27.670094,,2020,11,5,0,6,279.53,93,1800,0.5,0
0,,5503,44,,,,2020-11-28 00:06:27.670680,,2020,11,5,0,6,279.53,93,1800,0.5,0
0,,5504,39,,,,2020-11-28 00:06:27.849402,,2020,11,5,0,6,279.53,93,1800,0.5,0
0,,5504,44,,,,2020-11-28 00:06:27.849987,,2020,11,5,0,6,279.53,93,1800,0.5,0
0,,5281G,39,,,,2020-11-28 00:06:28.029335,,2020,11,5,0,6,279.53,93,1800,0.5,0
0,,5281G,44,,,,2020-11-28 00:06:28.209576,,2020,11,5,0,6,279.53,93,1800,0.5,0
0,,5281G,8,,,,2020-11-28 00:06:28.558633,,2020,11,5,0,6,279.53,93,1800,0.5,0
0,,5507,39,,,,2020-11-28 00:06:28.736343,,2020,11,5,0,6,279.53,93,1800,0.5,0
0,,5507,44,,,,2020-11-28 00:06:28.915502,,2020,11,5,0,6,279.53,93,1800,0.5,0
0,,5508,39,,,,2020-11-28 00:06:29.093808,,2020,11,5,0,6,279.53,93,1800,0.5,0
0,,5508,44,,,,2020-11-28 00:06:29.272689,,2020,11,5,0,6,279.53,93,1800,0.5,0
0,,5509,39,,,,2020-11-28 00:06:29.451105,,2020,11,5,0,6,279.53,93,1800,0.5,0
0,,5510,39,,,,2020-11-28 00:06:29.630141,,2020,11,5,0,6,279.53,93,1800,0.5,0
0,,5512,39,,,,2020-11-28 00:06:32.453006,,2020,11,5,0,6,279.53,93,1800,0.5,0
0,,6474F,39,,,,2020-11-28 00:06:32.632745,,2020,11,5,0,6,279.53,93,1800,0.5,0
0,,5529,39,,,,2020-11-28 00:06:32.811572,,2020,11,5,0,6,279.53,93,1800,0.5,0
0,,5532,39,,,,2020-11-28 00:06:32.990823,,2020,11,5,0,6,279.53,93,1800,0.5,0
0,,5515,39,,,,2020-11-28 00:06:33.170640,,2020,11,5,0,6,279.53,93,1800,0.5,0
0,,5516,39,,,,2020-11-28 00:06:33.349309,,2020,11,5,0,6,279.53,93,1800,0.5,0
0,,5517,39,,,,2020-11-28 00:06:33.528806,,2020,11,5,0,6,279.53,93,1800,0.5,0
0,,5518,39,,,,2020-11-28 00:06:33.708673,,2020,11,5,0,6,279.53,93,1800,0.5,0
0,,5519,39,,,,2020-11-28 00:06:33.887117,,2020,11,5,0,6,279.53,93,1800,0.5,0
0,,0089,39,,,,2020-11-28 00:09:05.228796,,2020,11,5,0,9,279.45,93,1800,0.5,0
0,,0089,44,,,,2020-11-28 00:09:05.229237,,2020,11,5,0,9,279.45,93,1800,0.5,0
0,,5501,39,,,,2020-11-28 00:09:05.408283,,2020,11,5,0,9,279.45,93,1800,0.5,0
0,,5501,44,,,,2020-11-28 00:09:05.408874,,2020,11,5,0,9,279.45,93,1800,0.5,0
0,,5502,39,,,,2020-11-28 00:09:05.587744,,2020,11,5,0,9,279.45,93,1800,0.5,0
0,,5502,44,,,,2020-11-28 00:09:05.588355,,2020,11,5,0,9,279.45,93,1800,0.5,0
0,,5503,39,,,,2020-11-28 00:09:05.766786,,2020,11,5,0,9,279.45,93,1800,0.5,0
0,,5503,44,,,,2020-11-28 00:09:05.767368,,2020,11,5,0,9,279.45,93,1800,0.5,0
0,,5504,39,,,,2020-11-28 00:09:05.946495,,2020,11,5,0,9,279.45,93,1800,0.5,0
0,,5504,44,,,,2020-11-28 00:09:05.947080,,2020,11,5,0,9,279.45,93,1800,0.5,0
0,,5281G,39,,,,2020-11-28 00:09:06.127658,,2020,11,5,0,9,279.45,93,1800,0.5,0
0,,5281G,44,,,,2020-11-28 00:09:06.128095,,2020,11,5,0,9,279.45,93,1800,0.5,0
0,,5281G,8,,,,2020-11-28 00:09:06.477396,,2020,11,5,0,9,279.45,93,1800,0.5,0
0,,5507,39,,,,2020-11-28 00:09:06.656579,,2020,11,5,0,9,279.45,93,1800,0.5,0
0,,5507,44,,,,2020-11-28 00:09:06.657166,,2020,11,5,0,9,279.45,93,1800,0.5,0
0,,5508,39,,,,2020-11-28 00:09:06.836339,,2020,11,5,0,9,279.45,93,1800,0.5,0
0,,5508,44,,,,2020-11-28 00:09:07.014903,,2020,11,5,0,9,279.45,93,1800,0.5,0
0,,5509,39,,,,2020-11-28 00:09:07.193940,,2020,11,5,0,9,279.45,93,1800,0.5,0
0,,5510,39,,,,2020-11-28 00:09:07.372824,,2020,11,5,0,9,279.45,93,1800,0.5,0
0,,5512,39,,,,2020-11-28 00:09:09.336391,,2020,11,5,0,9,279.45,93,1800,0.5,0
0,,6474F,39,,,,2020-11-28 00:09:09.516554,,2020,11,5,0,9,279.45,93,1800,0.5,0
0,,5529,39,,,,2020-11-28 00:09:09.695522,,2020,11,5,0,9,279.45,93,1800,0.5,0
0,,5532,39,,,,2020-11-28 00:09:09.874359,,2020,11,5,0,9,279.45,93,1800,0.5,0
0,,5515,39,,,,2020-11-28 00:09:10.052965,,2020,11,5,0,9,279.45,93,1800,0.5,0
0,,5516,39,,,,2020-11-28 00:09:10.231807,,2020,11,5,0,9,279.45,93,1800,0.5,0
0,,5517,39,,,,2020-11-28 00:09:10.410773,,2020,11,5,0,9,279.45,93,1800,0.5,0
0,,5518,39,,,,2020-11-28 00:09:10.590690,,2020,11,5,0,9,279.45,93,1800,0.5,0
0,,5519,39,,,,2020-11-28 00:09:10.769362,,2020,11,5,0,9,279.45,93,1800,0.5,0
0,,0089,39,,,,2020-11-28 00:11:42.250757,,2020,11,5,0,11,279.45,93,1800,0.5,0
0,,0089,44,,,,2020-11-28 00:11:42.251497,,2020,11,5,0,11,279.45,93,1800,0.5,0
0,,5501,39,,,,2020-11-28 00:11:42.433856,,2020,11,5,0,11,279.45,93,1800,0.5,0
0,,5501,44,,,,2020-11-28 00:11:42.434444,,2020,11,5,0,11,279.45,93,1800,0.5,0
0,,5502,39,,,,2020-11-28 00:11:42.614133,,2020,11,5,0,11,279.45,93,1800,0.5,0
0,,5502,44,,,,2020-11-28 00:11:42.614721,,2020,11,5,0,11,279.45,93,1800,0.5,0
0,,5503,39,,,,2020-11-28 00:11:42.794388,,2020,11,5,0,11,279.45,93,1800,0.5,0
0,,5503,44,,,,2020-11-28 00:11:42.794973,,2020,11,5,0,11,279.45,93,1800,0.5,0
0,,5504,39,,,,2020-11-28 00:11:42.974231,,2020,11,5,0,11,279.45,93,1800,0.5,0
0,,5504,44,,,,2020-11-28 00:11:42.974816,,2020,11,5,0,11,279.45,93,1800,0.5,0
0,,5281G,39,,,,2020-11-28 00:11:43.155769,,2020,11,5,0,11,279.45,93,1800,0.5,0
0,,5281G,44,,,,2020-11-28 00:11:43.156199,,2020,11,5,0,11,279.45,93,1800,0.5,0
0,,5281G,8,,,,2020-11-28 00:11:43.506659,,2020,11,5,0,11,279.45,93,1800,0.5,0
0,,5507,39,,,,2020-11-28 00:11:43.686057,,2020,11,5,0,11,279.45,93,1800,0.5,0
0,,5507,44,,,,2020-11-28 00:11:43.686644,,2020,11,5,0,11,279.45,93,1800,0.5,0
0,,5508,39,,,,2020-11-28 00:11:43.866573,,2020,11,5,0,11,279.45,93,1800,0.5,0
0,,5508,44,,,,2020-11-28 00:11:43.867157,,2020,11,5,0,11,279.45,93,1800,0.5,0
0,,5509,39,,,,2020-11-28 00:11:44.046717,,2020,11,5,0,11,279.45,93,1800,0.5,0
0,,5510,39,,,,2020-11-28 00:11:44.225720,,2020,11,5,0,11,279.45,93,1800,0.5,0
0,,5512,39,,,,2020-11-28 00:11:46.666096,,2020,11,5,0,11,279.45,93,1800,0.5,0
0,,6474F,39,,,,2020-11-28 00:11:46.847134,,2020,11,5,0,11,279.45,93,1800,0.5,0
0,,5529,39,,,,2020-11-28 00:11:47.026771,,2020,11,5,0,11,279.45,93,1800,0.5,0
0,,5532,39,,,,2020-11-28 00:11:47.208110,,2020,11,5,0,11,279.45,93,1800,0.5,0
0,,5515,39,,,,2020-11-28 00:11:47.387497,,2020,11,5,0,11,279.45,93,1800,0.5,0
0,,5516,39,,,,2020-11-28 00:11:47.568666,,2020,11,5,0,11,279.45,93,1800,0.5,0
0,,5517,39,,,,2020-11-28 00:11:47.748146,,2020,11,5,0,11,279.45,93,1800,0.5,0
0,,5518,39,,,,2020-11-28 00:11:47.927845,,2020,11,5,0,11,279.45,93,1800,0.5,0
0,,5519,39,,,,2020-11-28 00:11:48.106625,,2020,11,5,0,11,279.45,93,1800,0.5,0
0,,0089,39,,,,2020-11-28 00:14:19.284139,,2020,11,5,0,14,279.45,93,1800,0.5,0
0,,0089,44,,,,2020-11-28 00:14:19.284747,,2020,11,5,0,14,279.45,93,1800,0.5,0
0,,5501,39,,,,2020-11-28 00:14:19.285376,,2020,11,5,0,14,279.45,93,1800,0.5,0
0,,5501,44,,,,2020-11-28 00:14:19.285992,,2020,11,5,0,14,279.45,93,1800,0.5,0
0,,5502,39,,,,2020-11-28 00:14:19.286601,,2020,11,5,0,14,279.45,93,1800,0.5,0
0,,5502,44,,,,2020-11-28 00:14:19.287211,,2020,11,5,0,14,279.45,93,1800,0.5,0
0,,5503,39,,,,2020-11-28 00:14:19.287823,,2020,11,5,0,14,279.45,93,1800,0.5,0
0,,5503,44,,,,2020-11-28 00:14:19.288445,,2020,11,5,0,14,279.45,93,1800,0.5,0
0,,5504,39,,,,2020-11-28 00:14:19.469309,,2020,11,5,0,14,279.45,93,1800,0.5,0
0,,5504,44,,,,2020-11-28 00:14:19.469898,,2020,11,5,0,14,279.45,93,1800,0.5,0
0,,5281G,39,,,,2020-11-28 00:14:19.650422,,2020,11,5,0,14,279.45,93,1800,0.5,0
0,,5281G,44,,,,2020-11-28 00:14:19.650859,,2020,11,5,0,14,279.45,93,1800,0.5,0
0,,5281G,8,,,,2020-11-28 00:14:20.001629,,2020,11,5,0,14,279.45,93,1800,0.5,0
0,,5507,39,,,,2020-11-28 00:14:20.180925,,2020,11,5,0,14,279.45,93,1800,0.5,0
0,,5507,44,,,,2020-11-28 00:14:20.181511,,2020,11,5,0,14,279.45,93,1800,0.5,0
0,,5508,39,,,,2020-11-28 00:14:20.359947,,2020,11,5,0,14,279.45,93,1800,0.5,0
0,,5508,44,,,,2020-11-28 00:14:20.360561,,2020,11,5,0,14,279.45,93,1800,0.5,0
0,,5509,39,,,,2020-11-28 00:14:20.540251,,2020,11,5,0,14,279.45,93,1800,0.5,0
0,,5510,39,,,,2020-11-28 00:14:20.719036,,2020,11,5,0,14,279.45,93,1800,0.5,0
0,,5512,39,,,,2020-11-28 00:14:24.007147,,2020,11,5,0,14,279.45,93,1800,0.5,0
0,,6474F,39,,,,2020-11-28 00:14:24.187175,,2020,11,5,0,14,279.45,93,1800,0.5,0
0,,5529,39,,,,2020-11-28 00:14:24.366420,,2020,11,5,0,14,279.45,93,1800,0.5,0
0,,5532,39,,,,2020-11-28 00:14:24.545857,,2020,11,5,0,14,279.45,93,1800,0.5,0
0,,5515,39,,,,2020-11-28 00:14:24.724819,,2020,11,5,0,14,279.45,93,1800,0.5,0
0,,5516,39,,,,2020-11-28 00:14:24.904292,,2020,11,5,0,14,279.45,93,1800,0.5,0
0,,5517,39,,,,2020-11-28 00:14:25.083121,,2020,11,5,0,14,279.45,93,1800,0.5,0
0,,5518,39,,,,2020-11-28 00:14:25.262673,,2020,11,5,0,14,279.45,93,1800,0.5,0
0,,5519,39,,,,2020-11-28 00:14:25.441625,,2020,11,5,0,14,279.45,93,1800,0.5,0
0,,0089,39,,,,2020-11-28 00:16:56.799762,,2020,11,5,0,16,279.45,93,1800,0.5,0
0,,0089,44,,,,2020-11-28 00:16:56.800500,,2020,11,5,0,16,279.45,93,1800,0.5,0
0,,5501,39,,,,2020-11-28 00:16:56.801135,,2020,11,5,0,16,279.45,93,1800,0.5,0
0,,5501,44,,,,2020-11-28 00:16:56.801746,,2020,11,5,0,16,279.45,93,1800,0.5,0
0,,5502,39,,,,2020-11-28 00:16:56.802352,,2020,11,5,0,16,279.45,93,1800,0.5,0
0,,5502,44,,,,2020-11-28 00:16:56.802958,,2020,11,5,0,16,279.45,93,1800,0.5,0
0,,5503,39,,,,2020-11-28 00:16:56.803564,,2020,11,5,0,16,279.45,93,1800,0.5,0
0,,5503,44,,,,2020-11-28 00:16:56.804169,,2020,11,5,0,16,279.45,93,1800,0.5,0
0,,5504,39,,,,2020-11-28 00:16:56.804797,,2020,11,5,0,16,279.45,93,1800,0.5,0
0,,5504,44,,,,2020-11-28 00:16:56.805407,,2020,11,5,0,16,279.45,93,1800,0.5,0
0,,5281G,39,,,,2020-11-28 00:16:56.986522,,2020,11,5,0,16,279.45,93,1800,0.5,0
0,,5281G,44,,,,2020-11-28 00:16:56.986958,,2020,11,5,0,16,279.45,93,1800,0.5,0
0,,5281G,8,,,,2020-11-28 00:16:57.337953,,2020,11,5,0,16,279.45,93,1800,0.5,0
0,,5507,39,,,,2020-11-28 00:16:57.515826,,2020,11,5,0,16,279.45,93,1800,0.5,0
0,,5507,44,,,,2020-11-28 00:16:57.516432,,2020,11,5,0,16,279.45,93,1800,0.5,0
0,,5508,39,,,,2020-11-28 00:16:57.694799,,2020,11,5,0,16,279.45,93,1800,0.5,0
0,,5508,44,,,,2020-11-28 00:16:57.695386,,2020,11,5,0,16,279.45,93,1800,0.5,0
0,,5509,39,,,,2020-11-28 00:16:57.873555,,2020,11,5,0,16,279.45,93,1800,0.5,0
0,,5510,39,,,,2020-11-28 00:16:58.053781,,2020,11,5,0,16,279.45,93,1800,0.5,0
0,,5512,39,,,,2020-11-28 00:17:00.765085,,2020,11,5,0,17,279.45,93,1800,0.5,0
0,,6474F,39,,,,2020-11-28 00:17:00.944451,,2020,11,5,0,17,279.45,93,1800,0.5,0
0,,5529,39,,,,2020-11-28 00:17:01.123318,,2020,11,5,0,17,279.45,93,1800,0.5,0
0,,5532,39,,,,2020-11-28 00:17:01.302005,,2020,11,5,0,17,279.45,93,1800,0.5,0
0,,5515,39,,,,2020-11-28 00:17:01.481966,,2020,11,5,0,17,279.45,93,1800,0.5,0
0,,5516,39,,,,2020-11-28 00:17:01.660739,,2020,11,5,0,17,279.45,93,1800,0.5,0
0,,5517,39,,,,2020-11-28 00:17:01.840405,,2020,11,5,0,17,279.45,93,1800,0.5,0
0,,5518,39,,,,2020-11-28 00:17:02.018269,,2020,11,5,0,17,279.45,93,1800,0.5,0
0,,5519,39,,,,2020-11-28 00:17:02.198393,,2020,11,5,0,17,279.45,93,1800,0.5,0
0,,0089,39,,,,2020-11-28 00:19:33.621833,,2020,11,5,0,19,279.45,93,1800,0.5,0
0,,0089,44,,,,2020-11-28 00:19:33.622575,,2020,11,5,0,19,279.45,93,1800,0.5,0
0,,5501,39,,,,2020-11-28 00:19:33.623587,,2020,11,5,0,19,279.45,93,1800,0.5,0
0,,5501,44,,,,2020-11-28 00:19:33.624602,,2020,11,5,0,19,279.45,93,1800,0.5,0
0,,5502,39,,,,2020-11-28 00:19:33.625595,,2020,11,5,0,19,279.45,93,1800,0.5,0
0,,5502,44,,,,2020-11-28 00:19:33.626577,,2020,11,5,0,19,279.45,93,1800,0.5,0
0,,5503,39,,,,2020-11-28 00:19:33.627559,,2020,11,5,0,19,279.45,93,1800,0.5,0
0,,5503,44,,,,2020-11-28 00:19:33.628527,,2020,11,5,0,19,279.45,93,1800,0.5,0
0,,5504,39,,,,2020-11-28 00:19:33.629052,,2020,11,5,0,19,279.45,93,1800,0.5,0
0,,5504,44,,,,2020-11-28 00:19:33.629564,,2020,11,5,0,19,279.45,93,1800,0.5,0
0,,5281G,39,,,,2020-11-28 00:19:33.629933,,2020,11,5,0,19,279.45,93,1800,0.5,0
0,,5281G,44,,,,2020-11-28 00:19:33.630301,,2020,11,5,0,19,279.45,93,1800,0.5,0
0,,5281G,8,,,,2020-11-28 00:19:33.978321,,2020,11,5,0,19,279.45,93,1800,0.5,0
0,,5507,39,,,,2020-11-28 00:19:33.978907,,2020,11,5,0,19,279.45,93,1800,0.5,0
0,,5507,44,,,,2020-11-28 00:19:33.979433,,2020,11,5,0,19,279.45,93,1800,0.5,0
0,,5508,39,,,,2020-11-28 00:19:34.158250,,2020,11,5,0,19,279.45,93,1800,0.5,0
0,,5508,44,,,,2020-11-28 00:19:34.158837,,2020,11,5,0,19,279.45,93,1800,0.5,0
0,,5509,39,,,,2020-11-28 00:19:34.337569,,2020,11,5,0,19,279.45,93,1800,0.5,0
0,,5510,39,,,,2020-11-28 00:19:34.516942,,2020,11,5,0,19,279.45,93,1800,0.5,0
0,,5512,39,,,,2020-11-28 00:19:37.094227,,2020,11,5,0,19,279.45,93,1800,0.5,0
0,,6474F,39,,,,2020-11-28 00:19:37.272312,,2020,11,5,0,19,279.45,93,1800,0.5,0
0,,5529,39,,,,2020-11-28 00:19:37.450810,,2020,11,5,0,19,279.45,93,1800,0.5,0
0,,5532,39,,,,2020-11-28 00:19:37.635343,,2020,11,5,0,19,279.45,93,1800,0.5,0
0,,5515,39,,,,2020-11-28 00:19:37.813851,,2020,11,5,0,19,279.45,93,1800,0.5,0
0,,5516,39,,,,2020-11-28 00:19:37.997816,,2020,11,5,0,19,279.45,93,1800,0.5,0
0,,5517,39,,,,2020-11-28 00:19:38.176295,,2020,11,5,0,19,279.45,93,1800,0.5,0
0,,5518,39,,,,2020-11-28 00:19:38.359475,,2020,11,5,0,19,279.45,93,1800,0.5,0
0,,5519,39,,,,2020-11-28 00:19:38.538420,,2020,11,5,0,19,279.45,93,1800,0.5,0
0,,0089,39,,,,2020-11-28 00:22:09.686967,,2020,11,5,0,22,279.45,93,2600,1,0
0,,0089,44,,,,2020-11-28 00:22:09.687709,,2020,11,5,0,22,279.45,93,2600,1,0
0,,5501,39,,,,2020-11-28 00:22:09.688644,,2020,11,5,0,22,279.45,93,2600,1,0
0,,5501,44,,,,2020-11-28 00:22:09.689264,,2020,11,5,0,22,279.45,93,2600,1,0
0,,5502,39,,,,2020-11-28 00:22:09.689873,,2020,11,5,0,22,279.45,93,2600,1,0
0,,5502,44,,,,2020-11-28 00:22:09.690479,,2020,11,5,0,22,279.45,93,2600,1,0
0,,5503,39,,,,2020-11-28 00:22:09.691083,,2020,11,5,0,22,279.45,93,2600,1,0
0,,5503,44,,,,2020-11-28 00:22:09.691685,,2020,11,5,0,22,279.45,93,2600,1,0
0,,5504,39,,,,2020-11-28 00:22:09.692302,,2020,11,5,0,22,279.45,93,2600,1,0
0,,5504,44,,,,2020-11-28 00:22:09.692913,,2020,11,5,0,22,279.45,93,2600,1,0
0,,5281G,39,,,,2020-11-28 00:22:09.693350,,2020,11,5,0,22,279.45,93,2600,1,0
0,,5281G,44,,,,2020-11-28 00:22:09.693781,,2020,11,5,0,22,279.45,93,2600,1,0
0,,5281G,8,,,,2020-11-28 00:22:10.044565,,2020,11,5,0,22,279.45,93,2600,1,0
0,,5507,39,,,,2020-11-28 00:22:10.045148,,2020,11,5,0,22,279.45,93,2600,1,0
0,,5507,44,,,,2020-11-28 00:22:10.045677,,2020,11,5,0,22,279.45,93,2600,1,0
0,,5508,39,,,,2020-11-28 00:22:10.046199,,2020,11,5,0,22,279.45,93,2600,1,0
0,,5508,44,,,,2020-11-28 00:22:10.046715,,2020,11,5,0,22,279.45,93,2600,1,0
0,,5509,39,,,,2020-11-28 00:22:10.047230,,2020,11,5,0,22,279.45,93,2600,1,0
0,,5510,39,,,,2020-11-28 00:22:10.225491,,2020,11,5,0,22,279.45,93,2600,1,0
0,,5512,39,,,,2020-11-28 00:22:12.622149,,2020,11,5,0,22,279.45,93,2600,1,0
0,,6474F,39,,,,2020-11-28 00:22:12.801186,,2020,11,5,0,22,279.45,93,2600,1,0
0,,5529,39,,,,2020-11-28 00:22:12.980005,,2020,11,5,0,22,279.45,93,2600,1,0
0,,5532,39,,,,2020-11-28 00:22:13.158478,,2020,11,5,0,22,279.45,93,2600,1,0
0,,5515,39,,,,2020-11-28 00:22:13.338502,,2020,11,5,0,22,279.45,93,2600,1,0
0,,5516,39,,,,2020-11-28 00:22:13.517334,,2020,11,5,0,22,279.45,93,2600,1,0
0,,5517,39,,,,2020-11-28 00:22:13.697181,,2020,11,5,0,22,279.45,93,2600,1,0
0,,5518,39,,,,2020-11-28 00:22:13.875932,,2020,11,5,0,22,279.45,93,2600,1,0
0,,5519,39,,,,2020-11-28 00:22:14.055114,,2020,11,5,0,22,279.45,93,2600,1,0
0,,0089,39,,,,2020-11-28 00:24:45.303469,,2020,11,5,0,24,279.45,93,2600,1,0
0,,0089,44,,,,2020-11-28 00:24:45.304208,,2020,11,5,0,24,279.45,93,2600,1,0
0,,5501,39,,,,2020-11-28 00:24:45.305245,,2020,11,5,0,24,279.45,93,2600,1,0
0,,5501,44,,,,2020-11-28 00:24:45.306237,,2020,11,5,0,24,279.45,93,2600,1,0
0,,5502,39,,,,2020-11-28 00:24:45.307219,,2020,11,5,0,24,279.45,93,2600,1,0
0,,5502,44,,,,2020-11-28 00:24:45.308201,,2020,11,5,0,24,279.45,93,2600,1,0
0,,5503,39,,,,2020-11-28 00:24:45.309206,,2020,11,5,0,24,279.45,93,2600,1,0
0,,5503,44,,,,2020-11-28 00:24:45.310189,,2020,11,5,0,24,279.45,93,2600,1,0
0,,5504,39,,,,2020-11-28 00:24:45.311174,,2020,11,5,0,24,279.45,93,2600,1,0
0,,5504,44,,,,2020-11-28 00:24:45.312157,,2020,11,5,0,24,279.45,93,2600,1,0
0,,5281G,39,,,,2020-11-28 00:24:45.312699,,2020,11,5,0,24,279.45,93,2600,1,0
0,,5281G,44,,,,2020-11-28 00:24:45.313066,,2020,11,5,0,24,279.45,93,2600,1,0
0,,5281G,8,,,,2020-11-28 00:24:45.663444,,2020,11,5,0,24,279.45,93,2600,1,0
0,,5507,39,,,,2020-11-28 00:24:45.664029,,2020,11,5,0,24,279.45,93,2600,1,0
0,,5507,44,,,,2020-11-28 00:24:45.664579,,2020,11,5,0,24,279.45,93,2600,1,0
0,,5508,39,,,,2020-11-28 00:24:45.665098,,2020,11,5,0,24,279.45,93,2600,1,0
0,,5508,44,,,,2020-11-28 00:24:45.665615,,2020,11,5,0,24,279.45,93,2600,1,0
0,,5509,39,,,,2020-11-28 00:24:45.666128,,2020,11,5,0,24,279.45,93,2600,1,0
0,,5510,39,,,,2020-11-28 00:24:45.666653,,2020,11,5,0,24,279.45,93,2600,1,0
0,,5512,39,,,,2020-11-28 00:24:47.994178,,2020,11,5,0,24,279.45,93,2600,1,0
0,,6474F,39,,,,2020-11-28 00:24:48.178175,,2020,11,5,0,24,279.45,93,2600,1,0
0,,5529,39,,,,2020-11-28 00:24:48.357398,,2020,11,5,0,24,279.45,93,2600,1,0
0,,5532,39,,,,2020-11-28 00:24:48.536186,,2020,11,5,0,24,279.45,93,2600,1,0
0,,5515,39,,,,2020-11-28 00:24:48.714439,,2020,11,5,0,24,279.45,93,2600,1,0
0,,5516,39,,,,2020-11-28 00:24:48.893143,,2020,11,5,0,24,279.45,93,2600,1,0
0,,5517,39,,,,2020-11-28 00:24:49.072255,,2020,11,5,0,24,279.45,93,2600,1,0
0,,5518,39,,,,2020-11-28 00:24:49.250794,,2020,11,5,0,24,279.45,93,2600,1,0
0,,5519,39,,,,2020-11-28 00:24:49.430359,,2020,11,5,0,24,279.45,93,2600,1,0
0,,0089,39,,,,2020-11-28 00:27:20.727674,,2020,11,5,0,27,279.45,93,2600,1,0
0,,0089,44,,,,2020-11-28 00:27:20.728339,,2020,11,5,0,27,279.45,93,2600,1,0
0,,5501,39,,,,2020-11-28 00:27:20.729217,,2020,11,5,0,27,279.45,93,2600,1,0
0,,5501,44,,,,2020-11-28 00:27:20.730075,,2020,11,5,0,27,279.45,93,2600,1,0
0,,5502,39,,,,2020-11-28 00:27:20.730928,,2020,11,5,0,27,279.45,93,2600,1,0
0,,5502,44,,,,2020-11-28 00:27:20.731780,,2020,11,5,0,27,279.45,93,2600,1,0
0,,5503,39,,,,2020-11-28 00:27:20.732649,,2020,11,5,0,27,279.45,93,2600,1,0
0,,5503,44,,,,2020-11-28 00:27:20.733502,,2020,11,5,0,27,279.45,93,2600,1,0
0,,5504,39,,,,2020-11-28 00:27:20.734352,,2020,11,5,0,27,279.45,93,2600,1,0
0,,5504,44,,,,2020-11-28 00:27:20.735197,,2020,11,5,0,27,279.45,93,2600,1,0
0,,5281G,39,,,,2020-11-28 00:27:20.735808,,2020,11,5,0,27,279.45,93,2600,1,0
0,,5281G,44,,,,2020-11-28 00:27:20.736446,,2020,11,5,0,27,279.45,93,2600,1,0
0,,5281G,8,,,,2020-11-28 00:27:21.086986,,2020,11,5,0,27,279.45,93,2600,1,0
0,,5507,39,,,,2020-11-28 00:27:21.087571,,2020,11,5,0,27,279.45,93,2600,1,0
0,,5507,44,,,,2020-11-28 00:27:21.088090,,2020,11,5,0,27,279.45,93,2600,1,0
0,,5508,39,,,,2020-11-28 00:27:21.088639,,2020,11,5,0,27,279.45,93,2600,1,0
0,,5508,44,,,,2020-11-28 00:27:21.089157,,2020,11,5,0,27,279.45,93,2600,1,0
0,,5509,39,,,,2020-11-28 00:27:21.089674,,2020,11,5,0,27,279.45,93,2600,1,0
0,,5510,39,,,,2020-11-28 00:27:21.090201,,2020,11,5,0,27,279.45,93,2600,1,0
0,,5512,39,,,,2020-11-28 00:27:23.419103,,2020,11,5,0,27,279.45,93,2600,1,0
0,,6474F,39,,,,2020-11-28 00:27:23.419745,,2020,11,5,0,27,279.45,93,2600,1,0
0,,5529,39,,,,2020-11-28 00:27:23.420539,,2020,11,5,0,27,279.45,93,2600,1,0
0,,5532,39,,,,2020-11-28 00:27:23.421275,,2020,11,5,0,27,279.45,93,2600,1,0
0,,5515,39,,,,2020-11-28 00:27:23.602007,,2020,11,5,0,27,279.45,93,2600,1,0
0,,5516,39,,,,2020-11-28 00:27:23.781316,,2020,11,5,0,27,279.45,93,2600,1,0
0,,5517,39,,,,2020-11-28 00:27:23.959887,,2020,11,5,0,27,279.45,93,2600,1,0
0,,5518,39,,,,2020-11-28 00:27:24.139641,,2020,11,5,0,27,279.45,93,2600,1,0
0,,5519,39,,,,2020-11-28 00:27:24.318661,,2020,11,5,0,27,279.45,93,2600,1,0
0,,0089,39,,,,2020-11-28 00:29:55.730376,,2020,11,5,0,29,279.45,93,2600,1,0
0,,0089,44,,,,2020-11-28 00:29:55.731021,,2020,11,5,0,29,279.45,93,2600,1,0
0,,5501,39,,,,2020-11-28 00:29:55.731897,,2020,11,5,0,29,279.45,93,2600,1,0
0,,5501,44,,,,2020-11-28 00:29:55.732782,,2020,11,5,0,29,279.45,93,2600,1,0
0,,5502,39,,,,2020-11-28 00:29:55.733632,,2020,11,5,0,29,279.45,93,2600,1,0
0,,5502,44,,,,2020-11-28 00:29:55.734484,,2020,11,5,0,29,279.45,93,2600,1,0
0,,5503,39,,,,2020-11-28 00:29:55.735330,,2020,11,5,0,29,279.45,93,2600,1,0
0,,5503,44,,,,2020-11-28 00:29:55.736175,,2020,11,5,0,29,279.45,93,2600,1,0
0,,5504,39,,,,2020-11-28 00:29:55.737048,,2020,11,5,0,29,279.45,93,2600,1,0
0,,5504,44,,,,2020-11-28 00:29:55.737895,,2020,11,5,0,29,279.45,93,2600,1,0
0,,5281G,39,,,,2020-11-28 00:29:55.738498,,2020,11,5,0,29,279.45,93,2600,1,0
0,,5281G,44,,,,2020-11-28 00:29:55.739094,,2020,11,5,0,29,279.45,93,2600,1,0
0,,5281G,8,,,,2020-11-28 00:29:56.088695,,2020,11,5,0,29,279.45,93,2600,1,0
0,,5507,39,,,,2020-11-28 00:29:56.089279,,2020,11,5,0,29,279.45,93,2600,1,0
0,,5507,44,,,,2020-11-28 00:29:56.089801,,2020,11,5,0,29,279.45,93,2600,1,0
0,,5508,39,,,,2020-11-28 00:29:56.090318,,2020,11,5,0,29,279.45,93,2600,1,0
0,,5508,44,,,,2020-11-28 00:29:56.090835,,2020,11,5,0,29,279.45,93,2600,1,0
0,,5509,39,,,,2020-11-28 00:29:56.091347,,2020,11,5,0,29,279.45,93,2600,1,0
0,,5510,39,,,,2020-11-28 00:29:56.091875,,2020,11,5,0,29,279.45,93,2600,1,0
0,,5512,39,,,,2020-11-28 00:29:58.771252,,2020,11,5,0,29,279.45,93,2600,1,0
0,,6474F,39,,,,2020-11-28 00:29:58.771892,,2020,11,5,0,29,279.45,93,2600,1,0
0,,5529,39,,,,2020-11-28 00:29:58.772686,,2020,11,5,0,29,279.45,93,2600,1,0
0,,5532,39,,,,2020-11-28 00:29:58.773420,,2020,11,5,0,29,279.45,93,2600,1,0
0,,5515,39,,,,2020-11-28 00:29:58.774208,,2020,11,5,0,29,279.45,93,2600,1,0
0,,5516,39,,,,2020-11-28 00:29:58.774988,,2020,11,5,0,29,279.45,93,2600,1,0
0,,5517,39,,,,2020-11-28 00:29:58.775765,,2020,11,5,0,29,279.45,93,2600,1,0
0,,5518,39,,,,2020-11-28 00:29:58.958545,,2020,11,5,0,29,279.45,93,2600,1,0
0,,5519,39,,,,2020-11-28 00:29:59.138445,,2020,11,5,0,29,279.45,93,2600,1,0
0,,0089,39,,,,2020-11-28 00:32:30.378092,,2020,11,5,0,32,279.38,93,2600,1,0
0,,0089,44,,,,2020-11-28 00:32:30.378826,,2020,11,5,0,32,279.38,93,2600,1,0
0,,5501,39,,,,2020-11-28 00:32:30.379830,,2020,11,5,0,32,279.38,93,2600,1,0
0,,5501,44,,,,2020-11-28 00:32:30.380845,,2020,11,5,0,32,279.38,93,2600,1,0
0,,5502,39,,,,2020-11-28 00:32:30.381832,,2020,11,5,0,32,279.38,93,2600,1,0
0,,5502,44,,,,2020-11-28 00:32:30.382809,,2020,11,5,0,32,279.38,93,2600,1,0
0,,5503,39,,,,2020-11-28 00:32:30.383789,,2020,11,5,0,32,279.38,93,2600,1,0
0,,5503,44,,,,2020-11-28 00:32:30.384657,,2020,11,5,0,32,279.38,93,2600,1,0
0,,5504,39,,,,2020-11-28 00:32:30.385177,,2020,11,5,0,32,279.38,93,2600,1,0
0,,5504,44,,,,2020-11-28 00:32:30.385689,,2020,11,5,0,32,279.38,93,2600,1,0
0,,5281G,39,,,,2020-11-28 00:32:30.386056,,2020,11,5,0,32,279.38,93,2600,1,0
0,,5281G,44,,,,2020-11-28 00:32:30.386420,,2020,11,5,0,32,279.38,93,2600,1,0
0,,5281G,8,,,,2020-11-28 00:32:30.736885,,2020,11,5,0,32,279.38,93,2600,1,0
0,,5507,39,,,,2020-11-28 00:32:30.737469,,2020,11,5,0,32,279.38,93,2600,1,0
0,,5507,44,,,,2020-11-28 00:32:30.737992,,2020,11,5,0,32,279.38,93,2600,1,0
0,,5508,39,,,,2020-11-28 00:32:30.738510,,2020,11,5,0,32,279.38,93,2600,1,0
0,,5508,44,,,,2020-11-28 00:32:30.739025,,2020,11,5,0,32,279.38,93,2600,1,0
0,,5509,39,,,,2020-11-28 00:32:30.739540,,2020,11,5,0,32,279.38,93,2600,1,0
0,,5510,39,,,,2020-11-28 00:32:30.740066,,2020,11,5,0,32,279.38,93,2600,1,0
0,,5512,39,,,,2020-11-28 00:32:33.085993,,2020,11,5,0,32,279.38,93,2600,1,0
0,,6474F,39,,,,2020-11-28 00:32:33.086567,,2020,11,5,0,32,279.38,93,2600,1,0
0,,5529,39,,,,2020-11-28 00:32:33.087252,,2020,11,5,0,32,279.38,93,2600,1,0
0,,5532,39,,,,2020-11-28 00:32:33.087895,,2020,11,5,0,32,279.38,93,2600,1,0
0,,5515,39,,,,2020-11-28 00:32:33.088606,,2020,11,5,0,32,279.38,93,2600,1,0
0,,5516,39,,,,2020-11-28 00:32:33.089295,,2020,11,5,0,32,279.38,93,2600,1,0
0,,5517,39,,,,2020-11-28 00:32:33.089981,,2020,11,5,0,32,279.38,93,2600,1,0
0,,5518,39,,,,2020-11-28 00:32:33.090663,,2020,11,5,0,32,279.38,93,2600,1,0
0,,5519,39,,,,2020-11-28 00:32:33.091384,,2020,11,5,0,32,279.38,93,2600,1,0
0,,0089,39,,,,2020-11-28 00:35:04.958545,,2020,11,5,0,35,279.38,93,2600,1,0
0,,0089,44,,,,2020-11-28 00:35:04.959278,,2020,11,5,0,35,279.38,93,2600,1,0
0,,5501,39,,,,2020-11-28 00:35:04.960306,,2020,11,5,0,35,279.38,93,2600,1,0
0,,5501,44,,,,2020-11-28 00:35:04.961307,,2020,11,5,0,35,279.38,93,2600,1,0
0,,5502,39,,,,2020-11-28 00:35:04.962294,,2020,11,5,0,35,279.38,93,2600,1,0
0,,5502,44,,,,2020-11-28 00:35:04.963275,,2020,11,5,0,35,279.38,93,2600,1,0
0,,5503,39,,,,2020-11-28 00:35:04.964273,,2020,11,5,0,35,279.38,93,2600,1,0
0,,5503,44,,,,2020-11-28 00:35:04.965258,,2020,11,5,0,35,279.38,93,2600,1,0
0,,5504,39,,,,2020-11-28 00:35:04.966243,,2020,11,5,0,35,279.38,93,2600,1,0
0,,5504,44,,,,2020-11-28 00:35:04.967230,,2020,11,5,0,35,279.38,93,2600,1,0
0,,5281G,39,,,,2020-11-28 00:35:04.967932,,2020,11,5,0,35,279.38,93,2600,1,0
0,,5281G,44,,,,2020-11-28 00:35:04.968590,,2020,11,5,0,35,279.38,93,2600,1,0
0,,5281G,8,,,,2020-11-28 00:35:05.317567,,2020,11,5,0,35,279.38,93,2600,1,0
0,,5507,39,,,,2020-11-28 00:35:05.318157,,2020,11,5,0,35,279.38,93,2600,1,0
0,,5507,44,,,,2020-11-28 00:35:05.318684,,2020,11,5,0,35,279.38,93,2600,1,0
0,,5508,39,,,,2020-11-28 00:35:05.319207,,2020,11,5,0,35,279.38,93,2600,1,0
0,,5508,44,,,,2020-11-28 00:35:05.319722,,2020,11,5,0,35,279.38,93,2600,1,0
0,,5509,39,,,,2020-11-28 00:35:05.320256,,2020,11,5,0,35,279.38,93,2600,1,0
0,,5510,39,,,,2020-11-28 00:35:05.320792,,2020,11,5,0,35,279.38,93,2600,1,0
0,,5512,39,,,,2020-11-28 00:35:07.795873,,2020,11,5,0,35,279.38,93,2600,1,0
0,,6474F,39,,,,2020-11-28 00:35:07.796632,,2020,11,5,0,35,279.38,93,2600,1,0
0,,5529,39,,,,2020-11-28 00:35:07.797532,,2020,11,5,0,35,279.38,93,2600,1,0
0,,5532,39,,,,2020-11-28 00:35:07.798376,,2020,11,5,0,35,279.38,93,2600,1,0
0,,5515,39,,,,2020-11-28 00:35:07.799287,,2020,11,5,0,35,279.38,93,2600,1,0
0,,5516,39,,,,2020-11-28 00:35:07.800193,,2020,11,5,0,35,279.38,93,2600,1,0
0,,5517,39,,,,2020-11-28 00:35:07.801126,,2020,11,5,0,35,279.38,93,2600,1,0
0,,5518,39,,,,2020-11-28 00:35:07.802028,,2020,11,5,0,35,279.38,93,2600,1,0
0,,5519,39,,,,2020-11-28 00:35:07.802988,,2020,11,5,0,35,279.38,93,2600,1,0
0,,0089,39,,,,2020-11-28 00:37:38.851606,,2020,11,5,0,37,279.38,93,2600,1,0
0,,0089,44,,,,2020-11-28 00:37:38.852386,,2020,11,5,0,37,279.38,93,2600,1,0
0,,5501,39,,,,2020-11-28 00:37:38.853089,,2020,11,5,0,37,279.38,93,2600,1,0
0,,5501,44,,,,2020-11-28 00:37:38.853762,,2020,11,5,0,37,279.38,93,2600,1,0
0,,5502,39,,,,2020-11-28 00:37:38.854433,,2020,11,5,0,37,279.38,93,2600,1,0
0,,5502,44,,,,2020-11-28 00:37:38.855100,,2020,11,5,0,37,279.38,93,2600,1,0
0,,5503,39,,,,2020-11-28 00:37:38.855771,,2020,11,5,0,37,279.38,93,2600,1,0
0,,5503,44,,,,2020-11-28 00:37:38.856452,,2020,11,5,0,37,279.38,93,2600,1,0
0,,5504,39,,,,2020-11-28 00:37:38.857125,,2020,11,5,0,37,279.38,93,2600,1,0
0,,5504,44,,,,2020-11-28 00:37:38.857794,,2020,11,5,0,37,279.38,93,2600,1,0
0,,5281G,39,,,,2020-11-28 00:37:38.858272,,2020,11,5,0,37,279.38,93,2600,1,0
0,,5281G,44,,,,2020-11-28 00:37:38.858747,,2020,11,5,0,37,279.38,93,2600,1,0
0,,5281G,8,,,,2020-11-28 00:37:39.208396,,2020,11,5,0,37,279.38,93,2600,1,0
0,,5507,39,,,,2020-11-28 00:37:39.208984,,2020,11,5,0,37,279.38,93,2600,1,0
0,,5507,44,,,,2020-11-28 00:37:39.209507,,2020,11,5,0,37,279.38,93,2600,1,0
0,,5508,39,,,,2020-11-28 00:37:39.210029,,2020,11,5,0,37,279.38,93,2600,1,0
0,,5508,44,,,,2020-11-28 00:37:39.210544,,2020,11,5,0,37,279.38,93,2600,1,0
0,,5509,39,,,,2020-11-28 00:37:39.211062,,2020,11,5,0,37,279.38,93,2600,1,0
0,,5510,39,,,,2020-11-28 00:37:39.211591,,2020,11,5,0,37,279.38,93,2600,1,0
0,,5512,39,,,,2020-11-28 00:37:40.985730,,2020,11,5,0,37,279.38,93,2600,1,0
0,,6474F,39,,,,2020-11-28 00:37:40.986465,,2020,11,5,0,37,279.38,93,2600,1,0
0,,5529,39,,,,2020-11-28 00:37:40.987361,,2020,11,5,0,37,279.38,93,2600,1,0
0,,5532,39,,,,2020-11-28 00:37:40.988208,,2020,11,5,0,37,279.38,93,2600,1,0
0,,5515,39,,,,2020-11-28 00:37:40.989141,,2020,11,5,0,37,279.38,93,2600,1,0
0,,5516,39,,,,2020-11-28 00:37:40.990044,,2020,11,5,0,37,279.38,93,2600,1,0
0,,5517,39,,,,2020-11-28 00:37:40.990944,,2020,11,5,0,37,279.38,93,2600,1,0
0,,5518,39,,,,2020-11-28 00:37:40.991843,,2020,11,5,0,37,279.38,93,2600,1,0
0,,5519,39,,,,2020-11-28 00:37:40.992668,,2020,11,5,0,37,279.38,93,2600,1,0
0,,0089,39,,,,2020-11-28 00:40:13.185036,,2020,11,5,0,40,279.38,93,2600,1,0
0,,0089,44,,,,2020-11-28 00:40:13.185775,,2020,11,5,0,40,279.38,93,2600,1,0
0,,5501,39,,,,2020-11-28 00:40:13.186780,,2020,11,5,0,40,279.38,93,2600,1,0
0,,5501,44,,,,2020-11-28 00:40:13.187770,,2020,11,5,0,40,279.38,93,2600,1,0
0,,5502,39,,,,2020-11-28 00:40:13.188777,,2020,11,5,0,40,279.38,93,2600,1,0
0,,5502,44,,,,2020-11-28 00:40:13.189756,,2020,11,5,0,40,279.38,93,2600,1,0
0,,5503,39,,,,2020-11-28 00:40:13.190734,,2020,11,5,0,40,279.38,93,2600,1,0
0,,5503,44,,,,2020-11-28 00:40:13.191711,,2020,11,5,0,40,279.38,93,2600,1,0
0,,5504,39,,,,2020-11-28 00:40:13.192601,,2020,11,5,0,40,279.38,93,2600,1,0
0,,5504,44,,,,2020-11-28 00:40:13.193121,,2020,11,5,0,40,279.38,93,2600,1,0
0,,5281G,39,,,,2020-11-28 00:40:13.193492,,2020,11,5,0,40,279.38,93,2600,1,0
0,,5281G,44,,,,2020-11-28 00:40:13.193857,,2020,11,5,0,40,279.38,93,2600,1,0
0,,5281G,8,,,,2020-11-28 00:40:13.194223,,2020,11,5,0,40,279.38,93,2600,1,0
0,,5507,39,,,,2020-11-28 00:40:13.194735,,2020,11,5,0,40,279.38,93,2600,1,0
0,,5507,44,,,,2020-11-28 00:40:13.195274,,2020,11,5,0,40,279.38,93,2600,1,0
0,,5508,39,,,,2020-11-28 00:40:13.195928,,2020,11,5,0,40,279.38,93,2600,1,0
0,,5508,44,,,,2020-11-28 00:40:13.196683,,2020,11,5,0,40,279.38,93,2600,1,0
0,,5509,39,,,,2020-11-28 00:40:13.197388,,2020,11,5,0,40,279.38,93,2600,1,0
0,,5510,39,,,,2020-11-28 00:40:13.198025,,2020,11,5,0,40,279.38,93,2600,1,0
0,,5512,39,,,,2020-11-28 00:40:16.349257,,2020,11,5,0,40,279.38,93,2600,1,0
0,,6474F,39,,,,2020-11-28 00:40:16.350013,,2020,11,5,0,40,279.38,93,2600,1,0
0,,5529,39,,,,2020-11-28 00:40:16.350925,,2020,11,5,0,40,279.38,93,2600,1,0
0,,5532,39,,,,2020-11-28 00:40:16.351785,,2020,11,5,0,40,279.38,93,2600,1,0
0,,5515,39,,,,2020-11-28 00:40:16.352727,,2020,11,5,0,40,279.38,93,2600,1,0
0,,5516,39,,,,2020-11-28 00:40:16.353651,,2020,11,5,0,40,279.38,93,2600,1,0
0,,5517,39,,,,2020-11-28 00:40:16.354566,,2020,11,5,0,40,279.38,93,2600,1,0
0,,5518,39,,,,2020-11-28 00:40:16.355481,,2020,11,5,0,40,279.38,93,2600,1,0
0,,5519,39,,,,2020-11-28 00:40:16.356457,,2020,11,5,0,40,279.38,93,2600,1,0
0,,0089,39,,,,2020-11-28 00:42:47.415884,,2020,11,5,0,42,279.31,93,2600,1,0
0,,0089,44,,,,2020-11-28 00:42:47.416582,,2020,11,5,0,42,279.31,93,2600,1,0
0,,5501,39,,,,2020-11-28 00:42:47.417278,,2020,11,5,0,42,279.31,93,2600,1,0
0,,5501,44,,,,2020-11-28 00:42:47.417954,,2020,11,5,0,42,279.31,93,2600,1,0
0,,5502,39,,,,2020-11-28 00:42:47.418624,,2020,11,5,0,42,279.31,93,2600,1,0
0,,5502,44,,,,2020-11-28 00:42:47.419291,,2020,11,5,0,42,279.31,93,2600,1,0
0,,5503,39,,,,2020-11-28 00:42:47.419960,,2020,11,5,0,42,279.31,93,2600,1,0
0,,5503,44,,,,2020-11-28 00:42:47.420668,,2020,11,5,0,42,279.31,93,2600,1,0
0,,5504,39,,,,2020-11-28 00:42:47.421343,,2020,11,5,0,42,279.31,93,2600,1,0
0,,5504,44,,,,2020-11-28 00:42:47.422009,,2020,11,5,0,42,279.31,93,2600,1,0
0,,5281G,39,,,,2020-11-28 00:42:47.422487,,2020,11,5,0,42,279.31,93,2600,1,0
0,,5281G,44,,,,2020-11-28 00:42:47.422958,,2020,11,5,0,42,279.31,93,2600,1,0
0,,5281G,8,,,,2020-11-28 00:42:47.423426,,2020,11,5,0,42,279.31,93,2600,1,0
0,,5507,39,,,,2020-11-28 00:42:47.424097,,2020,11,5,0,42,279.31,93,2600,1,0
0,,5507,44,,,,2020-11-28 00:42:47.424786,,2020,11,5,0,42,279.31,93,2600,1,0
0,,5508,39,,,,2020-11-28 00:42:47.425455,,2020,11,5,0,42,279.31,93,2600,1,0
0,,5508,44,,,,2020-11-28 00:42:47.426147,,2020,11,5,0,42,279.31,93,2600,1,0
0,,5509,39,,,,2020-11-28 00:42:47.426954,,2020,11,5,0,42,279.31,93,2600,1,0
0,,5510,39,,,,2020-11-28 00:42:47.427857,,2020,11,5,0,42,279.31,93,2600,1,0
0,,5512,39,,,,2020-11-28 00:42:49.373197,,2020,11,5,0,42,279.31,93,2600,1,0
0,,6474F,39,,,,2020-11-28 00:42:49.373936,,2020,11,5,0,42,279.31,93,2600,1,0
0,,5529,39,,,,2020-11-28 00:42:49.374827,,2020,11,5,0,42,279.31,93,2600,1,0
0,,5532,39,,,,2020-11-28 00:42:49.375669,,2020,11,5,0,42,279.31,93,2600,1,0
0,,5515,39,,,,2020-11-28 00:42:49.376538,,2020,11,5,0,42,279.31,93,2600,1,0
0,,5516,39,,,,2020-11-28 00:42:49.377052,,2020,11,5,0,42,279.31,93,2600,1,0
0,,5517,39,,,,2020-11-28 00:42:49.377561,,2020,11,5,0,42,279.31,93,2600,1,0
0,,5518,39,,,,2020-11-28 00:42:49.378071,,2020,11,5,0,42,279.31,93,2600,1,0
0,,5519,39,,,,2020-11-28 00:42:49.378605,,2020,11,5,0,42,279.31,93,2600,1,0
0,,0089,39,,,,2020-11-28 00:45:20.892015,,2020,11,5,0,45,279.31,93,2600,1,0
0,,0089,44,,,,2020-11-28 00:45:20.892773,,2020,11,5,0,45,279.31,93,2600,1,0
0,,5501,39,,,,2020-11-28 00:45:20.893781,,2020,11,5,0,45,279.31,93,2600,1,0
0,,5501,44,,,,2020-11-28 00:45:20.894773,,2020,11,5,0,45,279.31,93,2600,1,0
0,,5502,39,,,,2020-11-28 00:45:20.895760,,2020,11,5,0,45,279.31,93,2600,1,0
0,,5502,44,,,,2020-11-28 00:45:20.896634,,2020,11,5,0,45,279.31,93,2600,1,0
0,,5503,39,,,,2020-11-28 00:45:20.897193,,2020,11,5,0,45,279.31,93,2600,1,0
0,,5503,44,,,,2020-11-28 00:45:20.897745,,2020,11,5,0,45,279.31,93,2600,1,0
0,,5504,39,,,,2020-11-28 00:45:20.898303,,2020,11,5,0,45,279.31,93,2600,1,0
0,,5504,44,,,,2020-11-28 00:45:20.898856,,2020,11,5,0,45,279.31,93,2600,1,0
0,,5281G,39,,,,2020-11-28 00:45:20.899256,,2020,11,5,0,45,279.31,93,2600,1,0
0,,5281G,44,,,,2020-11-28 00:45:20.899652,,2020,11,5,0,45,279.31,93,2600,1,0
0,,5281G,8,,,,2020-11-28 00:45:20.900045,,2020,11,5,0,45,279.31,93,2600,1,0
0,,5507,39,,,,2020-11-28 00:45:20.900620,,2020,11,5,0,45,279.31,93,2600,1,0
0,,5507,44,,,,2020-11-28 00:45:20.901175,,2020,11,5,0,45,279.31,93,2600,1,0
0,,5508,39,,,,2020-11-28 00:45:20.901730,,2020,11,5,0,45,279.31,93,2600,1,0
0,,5508,44,,,,2020-11-28 00:45:20.902309,,2020,11,5,0,45,279.31,93,2600,1,0
0,,5509,39,,,,2020-11-28 00:45:20.902999,,2020,11,5,0,45,279.31,93,2600,1,0
0,,5510,39,,,,2020-11-28 00:45:20.903774,,2020,11,5,0,45,279.31,93,2600,1,0
0,,5512,39,,,,2020-11-28 00:45:32.270377,,2020,11,5,0,45,279.31,93,2600,1,0
0,,6474F,39,,,,2020-11-28 00:45:32.271021,,2020,11,5,0,45,279.31,93,2600,1,0
0,,5529,39,,,,2020-11-28 00:45:32.271793,,2020,11,5,0,45,279.31,93,2600,1,0
0,,5532,39,,,,2020-11-28 00:45:32.272555,,2020,11,5,0,45,279.31,93,2600,1,0
0,,5515,39,,,,2020-11-28 00:45:32.273346,,2020,11,5,0,45,279.31,93,2600,1,0
0,,5516,39,,,,2020-11-28 00:45:32.274129,,2020,11,5,0,45,279.31,93,2600,1,0
0,,5517,39,,,,2020-11-28 00:45:32.274909,,2020,11,5,0,45,279.31,93,2600,1,0
0,,5518,39,,,,2020-11-28 00:45:32.275688,,2020,11,5,0,45,279.31,93,2600,1,0
0,,5519,39,,,,2020-11-28 00:45:32.276524,,2020,11,5,0,45,279.31,93,2600,1,0
0,,0089,39,,,,2020-11-28 00:48:03.545326,,2020,11,5,0,48,279.31,93,2600,1,0
0,,0089,44,,,,2020-11-28 00:48:03.546057,,2020,11,5,0,48,279.31,93,2600,1,0
0,,5501,39,,,,2020-11-28 00:48:03.547064,,2020,11,5,0,48,279.31,93,2600,1,0
0,,5501,44,,,,2020-11-28 00:48:03.548051,,2020,11,5,0,48,279.31,93,2600,1,0
0,,5502,39,,,,2020-11-28 00:48:03.549062,,2020,11,5,0,48,279.31,93,2600,1,0
0,,5502,44,,,,2020-11-28 00:48:03.550045,,2020,11,5,0,48,279.31,93,2600,1,0
0,,5503,39,,,,2020-11-28 00:48:03.551023,,2020,11,5,0,48,279.31,93,2600,1,0
0,,5503,44,,,,2020-11-28 00:48:03.552001,,2020,11,5,0,48,279.31,93,2600,1,0
0,,5504,39,,,,2020-11-28 00:48:03.552786,,2020,11,5,0,48,279.31,93,2600,1,0
0,,5504,44,,,,2020-11-28 00:48:03.553301,,2020,11,5,0,48,279.31,93,2600,1,0
0,,5281G,39,,,,2020-11-28 00:48:03.553671,,2020,11,5,0,48,279.31,93,2600,1,0
0,,5281G,44,,,,2020-11-28 00:48:03.554035,,2020,11,5,0,48,279.31,93,2600,1,0
0,,5281G,8,,,,2020-11-28 00:48:03.554400,,2020,11,5,0,48,279.31,93,2600,1,0
0,,5507,39,,,,2020-11-28 00:48:03.554912,,2020,11,5,0,48,279.31,93,2600,1,0
0,,5507,44,,,,2020-11-28 00:48:03.555447,,2020,11,5,0,48,279.31,93,2600,1,0
0,,5508,39,,,,2020-11-28 00:48:03.556093,,2020,11,5,0,48,279.31,93,2600,1,0
0,,5508,44,,,,2020-11-28 00:48:03.556839,,2020,11,5,0,48,279.31,93,2600,1,0
0,,5509,39,,,,2020-11-28 00:48:03.557552,,2020,11,5,0,48,279.31,93,2600,1,0
0,,5510,39,,,,2020-11-28 00:48:03.558186,,2020,11,5,0,48,279.31,93,2600,1,0
0,,5512,39,,,,2020-11-28 00:48:05.768021,,2020,11,5,0,48,279.31,93,2600,1,0
0,,6474F,39,,,,2020-11-28 00:48:05.768699,,2020,11,5,0,48,279.31,93,2600,1,0
0,,5529,39,,,,2020-11-28 00:48:05.769481,,2020,11,5,0,48,279.31,93,2600,1,0
0,,5532,39,,,,2020-11-28 00:48:05.770221,,2020,11,5,0,48,279.31,93,2600,1,0
0,,5515,39,,,,2020-11-28 00:48:05.771012,,2020,11,5,0,48,279.31,93,2600,1,0
0,,5516,39,,,,2020-11-28 00:48:05.771795,,2020,11,5,0,48,279.31,93,2600,1,0
0,,5517,39,,,,2020-11-28 00:48:05.772597,,2020,11,5,0,48,279.31,93,2600,1,0
0,,5518,39,,,,2020-11-28 00:48:05.773384,,2020,11,5,0,48,279.31,93,2600,1,0
0,,5519,39,,,,2020-11-28 00:48:05.774210,,2020,11,5,0,48,279.31,93,2600,1,0
0,,0089,39,,,,2020-11-28 00:50:36.825547,,2020,11,5,0,50,279.31,93,2600,1,0
0,,0089,44,,,,2020-11-28 00:50:36.826284,,2020,11,5,0,50,279.31,93,2600,1,0
0,,5501,39,,,,2020-11-28 00:50:36.827293,,2020,11,5,0,50,279.31,93,2600,1,0
0,,5501,44,,,,2020-11-28 00:50:36.828322,,2020,11,5,0,50,279.31,93,2600,1,0
0,,5502,39,,,,2020-11-28 00:50:36.828974,,2020,11,5,0,50,279.31,93,2600,1,0
0,,5502,44,,,,2020-11-28 00:50:36.829584,,2020,11,5,0,50,279.31,93,2600,1,0
0,,5503,39,,,,2020-11-28 00:50:36.830191,,2020,11,5,0,50,279.31,93,2600,1,0
0,,5503,44,,,,2020-11-28 00:50:36.830791,,2020,11,5,0,50,279.31,93,2600,1,0
0,,5504,39,,,,2020-11-28 00:50:36.831399,,2020,11,5,0,50,279.31,93,2600,1,0
0,,5504,44,,,,2020-11-28 00:50:36.832002,,2020,11,5,0,50,279.31,93,2600,1,0
0,,5281G,39,,,,2020-11-28 00:50:36.832452,,2020,11,5,0,50,279.31,93,2600,1,0
0,,5281G,44,,,,2020-11-28 00:50:36.832887,,2020,11,5,0,50,279.31,93,2600,1,0
0,,5281G,8,,,,2020-11-28 00:50:36.833319,,2020,11,5,0,50,279.31,93,2600,1,0
0,,5507,39,,,,2020-11-28 00:50:36.833926,,2020,11,5,0,50,279.31,93,2600,1,0
0,,5507,44,,,,2020-11-28 00:50:36.834528,,2020,11,5,0,50,279.31,93,2600,1,0
0,,5508,39,,,,2020-11-28 00:50:36.835134,,2020,11,5,0,50,279.31,93,2600,1,0
0,,5508,44,,,,2020-11-28 00:50:36.835762,,2020,11,5,0,50,279.31,93,2600,1,0
0,,5509,39,,,,2020-11-28 00:50:36.836524,,2020,11,5,0,50,279.31,93,2600,1,0
0,,5510,39,,,,2020-11-28 00:50:36.837591,,2020,11,5,0,50,279.31,93,2600,1,0
0,,5512,39,,,,2020-11-28 00:50:38.677969,,2020,11,5,0,50,279.31,93,2600,1,0
0,,6474F,39,,,,2020-11-28 00:50:38.678614,,2020,11,5,0,50,279.31,93,2600,1,0
0,,5529,39,,,,2020-11-28 00:50:38.679391,,2020,11,5,0,50,279.31,93,2600,1,0
0,,5532,39,,,,2020-11-28 00:50:38.680124,,2020,11,5,0,50,279.31,93,2600,1,0
0,,5515,39,,,,2020-11-28 00:50:38.680943,,2020,11,5,0,50,279.31,93,2600,1,0
0,,5516,39,,,,2020-11-28 00:50:38.681726,,2020,11,5,0,50,279.31,93,2600,1,0
0,,5517,39,,,,2020-11-28 00:50:38.682501,,2020,11,5,0,50,279.31,93,2600,1,0
0,,5518,39,,,,2020-11-28 00:50:38.683275,,2020,11,5,0,50,279.31,93,2600,1,0
0,,5519,39,,,,2020-11-28 00:50:38.684089,,2020,11,5,0,50,279.31,93,2600,1,0
0,,0089,39,,,,2020-11-28 00:53:09.894873,,2020,11,5,0,53,279.24,93,2900,1,0
0,,0089,44,,,,2020-11-28 00:53:09.895610,,2020,11,5,0,53,279.24,93,2900,1,0
0,,5501,39,,,,2020-11-28 00:53:09.896640,,2020,11,5,0,53,279.24,93,2900,1,0
0,,5501,44,,,,2020-11-28 00:53:09.897636,,2020,11,5,0,53,279.24,93,2900,1,0
0,,5502,39,,,,2020-11-28 00:53:09.898618,,2020,11,5,0,53,279.24,93,2900,1,0
0,,5502,44,,,,2020-11-28 00:53:09.899601,,2020,11,5,0,53,279.24,93,2900,1,0
0,,5503,39,,,,2020-11-28 00:53:09.900598,,2020,11,5,0,53,279.24,93,2900,1,0
0,,5503,44,,,,2020-11-28 00:53:09.901581,,2020,11,5,0,53,279.24,93,2900,1,0
0,,5504,39,,,,2020-11-28 00:53:09.902569,,2020,11,5,0,53,279.24,93,2900,1,0
0,,5504,44,,,,2020-11-28 00:53:09.903556,,2020,11,5,0,53,279.24,93,2900,1,0
0,,5281G,39,,,,2020-11-28 00:53:09.904291,,2020,11,5,0,53,279.24,93,2900,1,0
0,,5281G,44,,,,2020-11-28 00:53:09.904777,,2020,11,5,0,53,279.24,93,2900,1,0
0,,5281G,8,,,,2020-11-28 00:53:09.905238,,2020,11,5,0,53,279.24,93,2900,1,0
0,,5507,39,,,,2020-11-28 00:53:09.905965,,2020,11,5,0,53,279.24,93,2900,1,0
0,,5507,44,,,,2020-11-28 00:53:09.906687,,2020,11,5,0,53,279.24,93,2900,1,0
0,,5508,39,,,,2020-11-28 00:53:09.907327,,2020,11,5,0,53,279.24,93,2900,1,0
0,,5508,44,,,,2020-11-28 00:53:09.907877,,2020,11,5,0,53,279.24,93,2900,1,0
0,,5509,39,,,,2020-11-28 00:53:09.908415,,2020,11,5,0,53,279.24,93,2900,1,0
0,,5510,39,,,,2020-11-28 00:53:09.908950,,2020,11,5,0,53,279.24,93,2900,1,0
0,,5512,39,,,,2020-11-28 00:53:11.644498,,2020,11,5,0,53,279.24,93,2900,1,0
0,,6474F,39,,,,2020-11-28 00:53:11.645241,,2020,11,5,0,53,279.24,93,2900,1,0
0,,5529,39,,,,2020-11-28 00:53:11.646137,,2020,11,5,0,53,279.24,93,2900,1,0
0,,5532,39,,,,2020-11-28 00:53:11.646981,,2020,11,5,0,53,279.24,93,2900,1,0
0,,5515,39,,,,2020-11-28 00:53:11.647886,,2020,11,5,0,53,279.24,93,2900,1,0
0,,5516,39,,,,2020-11-28 00:53:11.648810,,2020,11,5,0,53,279.24,93,2900,1,0
0,,5517,39,,,,2020-11-28 00:53:11.649715,,2020,11,5,0,53,279.24,93,2900,1,0
0,,5518,39,,,,2020-11-28 00:53:11.650614,,2020,11,5,0,53,279.24,93,2900,1,0
0,,5519,39,,,,2020-11-28 00:53:11.651562,,2020,11,5,0,53,279.24,93,2900,1,0
0,,0089,39,,,,2020-11-28 00:55:42.924033,,2020,11,5,0,55,279.24,93,2900,1,0
0,,0089,44,,,,2020-11-28 00:55:42.924801,,2020,11,5,0,55,279.24,93,2900,1,0
0,,5501,39,,,,2020-11-28 00:55:42.925810,,2020,11,5,0,55,279.24,93,2900,1,0
0,,5501,44,,,,2020-11-28 00:55:42.926804,,2020,11,5,0,55,279.24,93,2900,1,0
0,,5502,39,,,,2020-11-28 00:55:42.927790,,2020,11,5,0,55,279.24,93,2900,1,0
0,,5502,44,,,,2020-11-28 00:55:42.928792,,2020,11,5,0,55,279.24,93,2900,1,0
0,,5503,39,,,,2020-11-28 00:55:42.929781,,2020,11,5,0,55,279.24,93,2900,1,0
0,,5503,44,,,,2020-11-28 00:55:42.930766,,2020,11,5,0,55,279.24,93,2900,1,0
0,,5504,39,,,,2020-11-28 00:55:42.931757,,2020,11,5,0,55,279.24,93,2900,1,0
0,,5504,44,,,,2020-11-28 00:55:42.932632,,2020,11,5,0,55,279.24,93,2900,1,0
0,,5281G,39,,,,2020-11-28 00:55:42.933008,,2020,11,5,0,55,279.24,93,2900,1,0
0,,5281G,44,,,,2020-11-28 00:55:42.933375,,2020,11,5,0,55,279.24,93,2900,1,0
0,,5281G,8,,,,2020-11-28 00:55:42.933765,,2020,11,5,0,55,279.24,93,2900,1,0
0,,5507,39,,,,2020-11-28 00:55:42.934412,,2020,11,5,0,55,279.24,93,2900,1,0
0,,5507,44,,,,2020-11-28 00:55:42.935364,,2020,11,5,0,55,279.24,93,2900,1,0
0,,5508,39,,,,2020-11-28 00:55:42.936324,,2020,11,5,0,55,279.24,93,2900,1,0
0,,5508,44,,,,2020-11-28 00:55:42.936900,,2020,11,5,0,55,279.24,93,2900,1,0
0,,5509,39,,,,2020-11-28 00:55:42.937425,,2020,11,5,0,55,279.24,93,2900,1,0
0,,5510,39,,,,2020-11-28 00:55:42.937952,,2020,11,5,0,55,279.24,93,2900,1,0
0,,5512,39,,,,2020-11-28 00:55:44.817758,,2020,11,5,0,55,279.24,93,2900,1,0
0,,6474F,39,,,,2020-11-28 00:55:44.818398,,2020,11,5,0,55,279.24,93,2900,1,0
0,,5529,39,,,,2020-11-28 00:55:44.819172,,2020,11,5,0,55,279.24,93,2900,1,0
0,,5532,39,,,,2020-11-28 00:55:44.819903,,2020,11,5,0,55,279.24,93,2900,1,0
0,,5515,39,,,,2020-11-28 00:55:44.820711,,2020,11,5,0,55,279.24,93,2900,1,0
0,,5516,39,,,,2020-11-28 00:55:44.821498,,2020,11,5,0,55,279.24,93,2900,1,0
0,,5517,39,,,,2020-11-28 00:55:44.822283,,2020,11,5,0,55,279.24,93,2900,1,0
0,,5518,39,,,,2020-11-28 00:55:44.823063,,2020,11,5,0,55,279.24,93,2900,1,0
0,,5519,39,,,,2020-11-28 00:55:44.823882,,2020,11,5,0,55,279.24,93,2900,1,0
0,,0089,39,,,,2020-11-28 00:58:15.970015,,2020,11,5,0,58,279.24,93,2900,1,0
0,,0089,44,,,,2020-11-28 00:58:15.970755,,2020,11,5,0,58,279.24,93,2900,1,0
0,,5501,39,,,,2020-11-28 00:58:15.971760,,2020,11,5,0,58,279.24,93,2900,1,0
0,,5501,44,,,,2020-11-28 00:58:15.972734,,2020,11,5,0,58,279.24,93,2900,1,0
0,,5502,39,,,,2020-11-28 00:58:15.973588,,2020,11,5,0,58,279.24,93,2900,1,0
0,,5502,44,,,,2020-11-28 00:58:15.974436,,2020,11,5,0,58,279.24,93,2900,1,0
0,,5503,39,,,,2020-11-28 00:58:15.975284,,2020,11,5,0,58,279.24,93,2900,1,0
0,,5503,44,,,,2020-11-28 00:58:15.976127,,2020,11,5,0,58,279.24,93,2900,1,0
0,,5504,39,,,,2020-11-28 00:58:15.976787,,2020,11,5,0,58,279.24,93,2900,1,0
0,,5504,44,,,,2020-11-28 00:58:15.977302,,2020,11,5,0,58,279.24,93,2900,1,0
0,,5281G,39,,,,2020-11-28 00:58:15.977673,,2020,11,5,0,58,279.24,93,2900,1,0
0,,5281G,44,,,,2020-11-28 00:58:15.978040,,2020,11,5,0,58,279.24,93,2900,1,0
0,,5281G,8,,,,2020-11-28 00:58:15.978405,,2020,11,5,0,58,279.24,93,2900,1,0
0,,5507,39,,,,2020-11-28 00:58:15.978915,,2020,11,5,0,58,279.24,93,2900,1,0
0,,5507,44,,,,2020-11-28 00:58:15.979425,,2020,11,5,0,58,279.24,93,2900,1,0
0,,5508,39,,,,2020-11-28 00:58:15.979962,,2020,11,5,0,58,279.24,93,2900,1,0
0,,5508,44,,,,2020-11-28 00:58:15.980639,,2020,11,5,0,58,279.24,93,2900,1,0
0,,5509,39,,,,2020-11-28 00:58:15.981366,,2020,11,5,0,58,279.24,93,2900,1,0
0,,5510,39,,,,2020-11-28 00:58:15.982080,,2020,11,5,0,58,279.24,93,2900,1,0
0,,5512,39,,,,2020-11-28 00:58:17.743763,,2020,11,5,0,58,279.24,93,2900,1,0
0,,6474F,39,,,,2020-11-28 00:58:17.744522,,2020,11,5,0,58,279.24,93,2900,1,0
0,,5529,39,,,,2020-11-28 00:58:17.745422,,2020,11,5,0,58,279.24,93,2900,1,0
0,,5532,39,,,,2020-11-28 00:58:17.746269,,2020,11,5,0,58,279.24,93,2900,1,0
0,,5515,39,,,,2020-11-28 00:58:17.747181,,2020,11,5,0,58,279.24,93,2900,1,0
0,,5516,39,,,,2020-11-28 00:58:17.748086,,2020,11,5,0,58,279.24,93,2900,1,0
0,,5517,39,,,,2020-11-28 00:58:17.748787,,2020,11,5,0,58,279.24,93,2900,1,0
0,,5518,39,,,,2020-11-28 00:58:17.749303,,2020,11,5,0,58,279.24,93,2900,1,0
0,,5519,39,,,,2020-11-28 00:58:17.749844,,2020,11,5,0,58,279.24,93,2900,1,0
0,,0089,39,,,,2020-11-28 01:00:48.994392,,2020,11,5,1,0,279.24,93,2900,1,0
0,,0089,44,,,,2020-11-28 01:00:48.995134,,2020,11,5,1,0,279.24,93,2900,1,0
0,,5501,39,,,,2020-11-28 01:00:48.996138,,2020,11,5,1,0,279.24,93,2900,1,0
0,,5501,44,,,,2020-11-28 01:00:48.996871,,2020,11,5,1,0,279.24,93,2900,1,0
0,,5502,39,,,,2020-11-28 01:00:48.997438,,2020,11,5,1,0,279.24,93,2900,1,0
0,,5502,44,,,,2020-11-28 01:00:48.997996,,2020,11,5,1,0,279.24,93,2900,1,0
0,,5503,39,,,,2020-11-28 01:00:48.998553,,2020,11,5,1,0,279.24,93,2900,1,0
0,,5503,44,,,,2020-11-28 01:00:48.999110,,2020,11,5,1,0,279.24,93,2900,1,0
0,,5504,39,,,,2020-11-28 01:00:48.999669,,2020,11,5,1,0,279.24,93,2900,1,0
0,,5504,44,,,,2020-11-28 01:00:49.000236,,2020,11,5,1,0,279.24,93,2900,1,0
0,,5281G,39,,,,2020-11-28 01:00:49.000648,,2020,11,5,1,0,279.24,93,2900,1,0
0,,5281G,44,,,,2020-11-28 01:00:49.001045,,2020,11,5,1,0,279.24,93,2900,1,0
0,,5281G,8,,,,2020-11-28 01:00:49.001443,,2020,11,5,1,0,279.24,93,2900,1,0
0,,5507,39,,,,2020-11-28 01:00:49.001998,,2020,11,5,1,0,279.24,93,2900,1,0
0,,5507,44,,,,2020-11-28 01:00:49.002551,,2020,11,5,1,0,279.24,93,2900,1,0
0,,5508,39,,,,2020-11-28 01:00:49.003108,,2020,11,5,1,0,279.24,93,2900,1,0
0,,5508,44,,,,2020-11-28 01:00:49.003662,,2020,11,5,1,0,279.24,93,2900,1,0
0,,5509,39,,,,2020-11-28 01:00:49.004257,,2020,11,5,1,0,279.24,93,2900,1,0
0,,5510,39,,,,2020-11-28 01:00:49.004974,,2020,11,5,1,0,279.24,93,2900,1,0
,,,,,,,2020-11-28 01:00:51.189357,,2020,11,5,1,0,279.24,93,2900,1,0
,,,,,,,2020-11-28 01:03:31.583103,,2020,11,5,1,3,279.25,93,2900,1,0
,,,,,,,2020-11-28 01:03:35.866854,,2020,11,5,1,3,279.25,93,2900,1,0
0,109543202217385500,0089,39,0.0,2020-11-28 19:49:00,2020-11-28 19:49:00,2020-11-28 19:45:06.226820,0,2020,11,5,19,45,278.7,81,10000,2.6,0
0,109543246217385500,0089,44,0.0,2020-11-28 19:59:00,2020-11-28 19:59:00,2020-11-28 19:45:06.424782,0,2020,11,5,19,45,278.7,81,10000,2.6,0
0,109543202217385500,5501,39,0.0,2020-11-28 19:50:02,2020-11-28 19:50:00,2020-11-28 19:45:06.624162,0,2020,11,5,19,45,278.7,81,10000,2.6,0
0,109543246217385500,5501,44,0.0,2020-11-28 20:00:02,2020-11-28 20:00:00,2020-11-28 19:45:06.824337,0,2020,11,5,19,45,278.7,81,10000,2.6,0
0,109543202217385500,5502,39,0.0,2020-11-28 19:51:00,2020-11-28 19:51:00,2020-11-28 19:45:07.023150,0,2020,11,5,19,45,278.7,81,10000,2.6,0
0,109543246217385500,5502,44,0.0,2020-11-28 20:01:00,2020-11-28 20:01:00,2020-11-28 19:45:07.222754,0,2020,11,5,19,45,278.7,81,10000,2.6,0
0,109543202217385500,5503,39,0.0,2020-11-28 19:52:41,2020-11-28 19:52:00,2020-11-28 19:45:07.422842,0,2020,11,5,19,45,278.7,81,10000,2.6,0
0,109543246217385500,5503,44,0.0,2020-11-28 20:02:41,2020-11-28 20:02:00,2020-11-28 19:45:07.622684,0,2020,11,5,19,45,278.7,81,10000,2.6,0
0,109543202217385500,5504,39,0.0,2020-11-28 19:54:11,2020-11-28 19:54:00,2020-11-28 19:45:07.821540,0,2020,11,5,19,45,278.7,81,10000,2.6,0
0,109543246217385500,5504,44,0.0,2020-11-28 20:04:11,2020-11-28 20:04:00,2020-11-28 19:45:08.021598,0,2020,11,5,19,45,278.7,81,10000,2.6,0
0,109543202217385500,5281G,39,0.0,2020-11-28 19:56:00,2020-11-28 19:56:00,2020-11-28 19:45:08.223732,0,2020,11,5,19,45,278.7,81,10000,2.6,0
0,109543246217385500,5281G,44,20.0,2020-11-28 20:06:00,2020-11-28 19:46:00,2020-11-28 19:45:08.425590,0,2020,11,5,19,45,278.7,81,10000,2.6,0
0,110258345221443502,5281G,8,0.0,2020-11-28 19:47:00,2020-11-28 19:47:00,2020-11-28 19:45:08.627261,1,2020,11,5,19,45,278.7,81,10000,2.6,0
0,109543202217385500,5507,39,0.0,2020-11-28 19:58:00,2020-11-28 19:58:00,2020-11-28 19:45:08.829989,0,2020,11,5,19,45,278.7,81,10000,2.6,0
0,109543245217385500,5507,44,-1.0,2020-11-28 19:47:00,2020-11-28 19:48:00,2020-11-28 19:45:09.029910,0,2020,11,5,19,45,278.7,81,10000,2.6,0
0,109543202217385500,5508,39,0.0,2020-11-28 19:59:00,2020-11-28 19:59:00,2020-11-28 19:45:09.230001,0,2020,11,5,19,45,278.7,81,10000,2.6,0
0,109543245217385500,5508,44,-1.0,2020-11-28 19:48:00,2020-11-28 19:49:00,2020-11-28 19:45:09.428917,0,2020,11,5,19,45,278.7,81,10000,2.6,0
0,109543202217385500,5509,39,0.0,2020-11-28 20:01:08,2020-11-28 20:01:00,2020-11-28 19:45:09.628579,0,2020,11,5,19,45,278.7,81,10000,2.6,0
0,109543202217385500,5510,39,0.0,2020-11-28 20:02:48,2020-11-28 20:02:00,2020-11-28 19:45:09.828452,0,2020,11,5,19,45,278.7,81,10000,2.6,0
0,109543202217385500,5512,39,-1.0,2020-11-28 20:04:58,2020-11-28 20:05:00,2020-11-28 19:45:11.817950,0,2020,11,5,19,45,278.7,81,10000,2.6,0
0,109543202217385500,6474F,39,21.0,2020-11-28 20:06:00,2020-11-28 19:45:00,2020-11-28 19:45:12.020469,0,2020,11,5,19,45,278.7,81,10000,2.6,0
0,109543201217385500,5529,39,-1.0,2020-11-28 19:45:57,2020-11-28 19:46:00,2020-11-28 19:45:12.221182,0,2020,11,5,19,45,278.7,81,10000,2.6,0
0,109543201217385500,5532,39,0.0,2020-11-28 19:46:15,2020-11-28 19:46:00,2020-11-28 19:45:12.422394,0,2020,11,5,19,45,278.7,81,10000,2.6,0
0,109543201217385500,5515,39,0.0,2020-11-28 19:47:16,2020-11-28 19:47:00,2020-11-28 19:45:12.624376,0,2020,11,5,19,45,278.7,81,10000,2.6,0
0,109543201217385500,5516,39,0.0,2020-11-28 19:48:13,2020-11-28 19:48:00,2020-11-28 19:45:12.827489,0,2020,11,5,19,45,278.7,81,10000,2.6,0
0,109543201217385500,5517,39,0.0,2020-11-28 19:49:00,2020-11-28 19:49:00,2020-11-28 19:45:13.027354,0,2020,11,5,19,45,278.7,81,10000,2.6,0
0,109543201217385500,5518,39,-1.0,2020-11-28 19:49:54,2020-11-28 19:50:00,2020-11-28 19:45:13.231063,0,2020,11,5,19,45,278.7,81,10000,2.6,0
0,109543201217385500,5519,39,0.0,2020-11-28 19:51:16,2020-11-28 19:51:00,2020-11-28 19:45:13.431838,0,2020,11,5,19,45,278.7,81,10000,2.6,0
0,109543202217385500,0089,39,0.0,2020-11-28 19:49:00,2020-11-28 19:49:00,2020-11-28 19:47:44.925593,0,2020,11,5,19,47,278.7,81,10000,2.6,0
0,109543246217385500,0089,44,0.0,2020-11-28 19:59:00,2020-11-28 19:59:00,2020-11-28 19:47:45.124395,0,2020,11,5,19,47,278.7,81,10000,2.6,0
0,109543202217385500,5501,39,0.0,2020-11-28 19:50:02,2020-11-28 19:50:00,2020-11-28 19:47:45.324733,0,2020,11,5,19,47,278.7,81,10000,2.6,0
0,109543246217385500,5501,44,0.0,2020-11-28 20:00:02,2020-11-28 20:00:00,2020-11-28 19:47:45.523934,0,2020,11,5,19,47,278.7,81,10000,2.6,0
0,109543202217385500,5502,39,0.0,2020-11-28 19:51:00,2020-11-28 19:51:00,2020-11-28 19:47:45.725525,0,2020,11,5,19,47,278.7,81,10000,2.6,0
0,109543246217385500,5502,44,0.0,2020-11-28 20:01:00,2020-11-28 20:01:00,2020-11-28 19:47:45.924915,0,2020,11,5,19,47,278.7,81,10000,2.6,0
0,109543202217385500,5503,39,-1.0,2020-11-28 19:52:41,2020-11-28 19:53:00,2020-11-28 19:47:46.125807,0,2020,11,5,19,47,278.7,81,10000,2.6,0
0,109543246217385500,5503,44,-1.0,2020-11-28 20:02:41,2020-11-28 20:03:00,2020-11-28 19:47:46.324963,0,2020,11,5,19,47,278.7,81,10000,2.6,0
0,109543202217385500,5504,39,0.0,2020-11-28 19:54:11,2020-11-28 19:54:00,2020-11-28 19:47:46.526319,0,2020,11,5,19,47,278.7,81,10000,2.6,0
0,109543246217385500,5504,44,0.0,2020-11-28 20:04:11,2020-11-28 20:04:00,2020-11-28 19:47:46.726348,0,2020,11,5,19,47,278.7,81,10000,2.6,0
0,109543202217385500,5281G,39,0.0,2020-11-28 19:56:00,2020-11-28 19:56:00,2020-11-28 19:47:46.928899,0,2020,11,5,19,47,278.7,81,10000,2.6,0
0,109543246217385500,5281G,44,0.0,2020-11-28 20:06:00,2020-11-28 20:06:00,2020-11-28 19:47:47.129817,0,2020,11,5,19,47,278.7,81,10000,2.6,0
0,110258725221443502,5281G,8,0.0,2020-11-28 20:00:00,2020-11-28 20:00:00,2020-11-28 19:47:47.333486,1,2020,11,5,19,47,278.7,81,10000,2.6,0
0,109543202217385500,5507,39,0.0,2020-11-28 19:58:00,2020-11-28 19:58:00,2020-11-28 19:47:47.536765,0,2020,11,5,19,47,278.7,81,10000,2.6,0
0,109543246217385500,5507,44,19.0,2020-11-28 20:08:00,2020-11-28 19:49:00,2020-11-28 19:47:47.736614,0,2020,11,5,19,47,278.7,81,10000,2.6,0
0,109543202217385500,5508,39,0.0,2020-11-28 19:59:00,2020-11-28 19:59:00,2020-11-28 19:47:47.937360,0,2020,11,5,19,47,278.7,81,10000,2.6,0
0,109543245217385500,5508,44,-2.0,2020-11-28 19:48:00,2020-11-28 19:50:00,2020-11-28 19:47:48.136483,0,2020,11,5,19,47,278.7,81,10000,2.6,0
0,109543202217385500,5509,39,0.0,2020-11-28 20:01:08,2020-11-28 20:01:00,2020-11-28 19:47:48.336898,0,2020,11,5,19,47,278.7,81,10000,2.6,0
0,109543202217385500,5510,39,-1.0,2020-11-28 20:02:48,2020-11-28 20:03:00,2020-11-28 19:47:48.536934,0,2020,11,5,19,47,278.7,81,10000,2.6,0
0,109543202217385500,5512,39,-1.0,2020-11-28 20:04:58,2020-11-28 20:05:00,2020-11-28 19:47:51.213813,0,2020,11,5,19,47,278.7,81,10000,2.6,0
0,109543202217385500,6474F,39,0.0,2020-11-28 20:06:00,2020-11-28 20:06:00,2020-11-28 19:47:51.421277,0,2020,11,5,19,47,278.7,81,10000,2.6,0
0,109543202217385500,5529,39,-1.0,2020-11-28 20:06:57,2020-11-28 20:07:00,2020-11-28 19:47:51.628088,0,2020,11,5,19,47,278.7,81,10000,2.6,0
0,109543202217385500,5532,39,0.0,2020-11-28 20:07:15,2020-11-28 20:07:00,2020-11-28 19:47:51.833027,0,2020,11,5,19,47,278.7,81,10000,2.6,0
0,109543202217385500,5515,39,20.0,2020-11-28 20:08:16,2020-11-28 19:48:00,2020-11-28 19:47:52.035556,0,2020,11,5,19,47,278.7,81,10000,2.6,0
0,109543201217385500,5516,39,-1.0,2020-11-28 19:48:13,2020-11-28 19:49:00,2020-11-28 19:47:52.238769,0,2020,11,5,19,47,278.7,81,10000,2.6,0
0,109543201217385500,5517,39,-1.0,2020-11-28 19:49:00,2020-11-28 19:50:00,2020-11-28 19:47:52.441367,0,2020,11,5,19,47,278.7,81,10000,2.6,0
0,109543201217385500,5518,39,-2.0,2020-11-28 19:49:54,2020-11-28 19:51:00,2020-11-28 19:47:52.643572,0,2020,11,5,19,47,278.7,81,10000,2.6,0
0,109543201217385500,5519,39,-1.0,2020-11-28 19:51:16,2020-11-28 19:52:00,2020-11-28 19:47:52.847078,0,2020,11,5,19,47,278.7,81,10000,2.6,0
0,109543203217385500,0089,39,1.0,2020-11-28 20:09:00,2020-11-28 20:08:00,2020-11-28 19:50:24.275898,0,2020,11,5,19,50,278.7,81,10000,2.6,0
0,109543246217385500,0089,44,1.0,2020-11-28 19:59:00,2020-11-28 19:58:00,2020-11-28 19:50:24.486774,0,2020,11,5,19,50,278.7,81,10000,2.6,0
0,109543203217385500,5501,39,20.0,2020-11-28 20:10:02,2020-11-28 19:50:00,2020-11-28 19:50:24.690942,0,2020,11,5,19,50,278.7,81,10000,2.6,0
0,109543246217385500,5501,44,1.0,2020-11-28 20:00:02,2020-11-28 19:59:00,2020-11-28 19:50:24.890411,0,2020,11,5,19,50,278.7,81,10000,2.6,0
0,109543202217385500,5502,39,0.0,2020-11-28 19:51:00,2020-11-28 19:51:00,2020-11-28 19:50:25.090070,0,2020,11,5,19,50,278.7,81,10000,2.6,0
0,109543246217385500,5502,44,1.0,2020-11-28 20:01:00,2020-11-28 20:00:00,2020-11-28 19:50:25.290269,0,2020,11,5,19,50,278.7,81,10000,2.6,0
0,109543202217385500,5503,39,0.0,2020-11-28 19:52:41,2020-11-28 19:52:00,2020-11-28 19:50:25.490322,0,2020,11,5,19,50,278.7,81,10000,2.6,0
0,109543246217385500,5503,44,0.0,2020-11-28 20:02:41,2020-11-28 20:02:00,2020-11-28 19:50:25.689393,0,2020,11,5,19,50,278.7,81,10000,2.6,0
0,109543202217385500,5504,39,0.0,2020-11-28 19:54:11,2020-11-28 19:54:00,2020-11-28 19:50:25.889761,0,2020,11,5,19,50,278.7,81,10000,2.6,0
0,109543246217385500,5504,44,1.0,2020-11-28 20:04:11,2020-11-28 20:03:00,2020-11-28 19:50:26.089496,0,2020,11,5,19,50,278.7,81,10000,2.6,0
0,109543202217385500,5281G,39,0.0,2020-11-28 19:56:00,2020-11-28 19:56:00,2020-11-28 19:50:26.291300,0,2020,11,5,19,50,278.7,81,10000,2.6,0
0,109543246217385500,5281G,44,1.0,2020-11-28 20:06:00,2020-11-28 20:05:00,2020-11-28 19:50:26.493173,0,2020,11,5,19,50,278.7,81,10000,2.6,0
0,110258725221443502,5281G,8,1.0,2020-11-28 20:00:00,2020-11-28 19:59:00,2020-11-28 19:50:26.695469,1,2020,11,5,19,50,278.7,81,10000,2.6,0
0,109543202217385500,5507,39,0.0,2020-11-28 19:58:00,2020-11-28 19:58:00,2020-11-28 19:50:26.895971,0,2020,11,5,19,50,278.7,81,10000,2.6,0
0,109543246217385500,5507,44,1.0,2020-11-28 20:08:00,2020-11-28 20:07:00,2020-11-28 19:50:27.096871,0,2020,11,5,19,50,278.7,81,10000,2.6,0
0,109543202217385500,5508,39,0.0,2020-11-28 19:59:00,2020-11-28 19:59:00,2020-11-28 19:50:27.296754,0,2020,11,5,19,50,278.7,81,10000,2.6,0
0,109543246217385500,5508,44,1.0,2020-11-28 20:09:00,2020-11-28 20:08:00,2020-11-28 19:50:27.499129,0,2020,11,5,19,50,278.7,81,10000,2.6,0
0,109543202217385500,5509,39,0.0,2020-11-28 20:01:08,2020-11-28 20:01:00,2020-11-28 19:50:27.702407,0,2020,11,5,19,50,278.7,81,10000,2.6,0
0,109543202217385500,5510,39,0.0,2020-11-28 20:02:48,2020-11-28 20:02:00,2020-11-28 19:50:27.904264,0,2020,11,5,19,50,278.7,81,10000,2.6,0
0,109543202217385500,5512,39,-1.0,2020-11-28 20:04:58,2020-11-28 20:05:00,2020-11-28 19:50:30.089087,0,2020,11,5,19,50,278.7,81,10000,2.6,0
0,109543202217385500,6474F,39,0.0,2020-11-28 20:06:00,2020-11-28 20:06:00,2020-11-28 19:50:30.290287,0,2020,11,5,19,50,278.7,81,10000,2.6,0
0,109543202217385500,5529,39,-1.0,2020-11-28 20:06:57,2020-11-28 20:07:00,2020-11-28 19:50:30.495382,0,2020,11,5,19,50,278.7,81,10000,2.6,0
0,109543202217385500,5532,39,0.0,2020-11-28 20:07:15,2020-11-28 20:07:00,2020-11-28 19:50:30.696497,0,2020,11,5,19,50,278.7,81,10000,2.6,0
0,109543202217385500,5515,39,0.0,2020-11-28 20:08:16,2020-11-28 20:08:00,2020-11-28 19:50:30.901814,0,2020,11,5,19,50,278.7,81,10000,2.6,0
0,109543202217385500,5516,39,0.0,2020-11-28 20:09:13,2020-11-28 20:09:00,2020-11-28 19:50:31.103244,0,2020,11,5,19,50,278.7,81,10000,2.6,0
0,109543202217385500,5517,39,0.0,2020-11-28 20:10:00,2020-11-28 20:10:00,2020-11-28 19:50:31.308983,0,2020,11,5,19,50,278.7,81,10000,2.6,0
0,109543202217385500,5518,39,20.0,2020-11-28 20:10:54,2020-11-28 19:50:00,2020-11-28 19:50:31.509286,0,2020,11,5,19,50,278.7,81,10000,2.6,0
0,109543201217385500,5519,39,-1.0,2020-11-28 19:51:16,2020-11-28 19:52:00,2020-11-28 19:50:31.709619,0,2020,11,5,19,50,278.7,81,10000,2.6,0
